Delivery_ID,Date,Customer_ID,Truck_ID,Fuel_Type,Delivery_City,Distance_km,Fuel_Amount_L,Fuel_Rate_per_L,Delivery_Revenue,Driver_ID,Delivery_Time_Hours,Delivery_Cost,Net_Revenue
0001,2023-04-13,CUST789,TRK005,Gasoline,San Diego,439,4861,1.74,8458.14,DRV005,5.4,1857.0,6601.14
0002,2023-12-15,CUST789,TRK001,Diesel,Los Angeles,126,2985,1.4,4179.0,DRV002,1.5,528.0,3651.0
0003,2023-09-28,CUST123,TRK001,Diesel,San Diego,237,5932,1.42,8423.44,DRV001,7.4,1451.0,6972.44
0004,2023-04-17,CUST456,TRK001,Diesel,Las Vegas,395,5603,1.15,6443.45,DRV002,7.7,1955.0,4488.45
0005,2023-03-13,CUST456,TRK001,Diesel,San Diego,319,3778,1.13,4269.14,DRV001,1.5,1107.0,3162.14
0006,2023-07-08,CUST654,TRK003,Diesel,Las Vegas,144,9832,1.46,14354.72,DRV001,4.7,902.0,13452.72
0007,2023-01-21,CUST456,TRK004,Diesel,San Francisco,359,8754,1.26,11030.04,DRV005,3.1,1387.0,9643.04
0008,2023-04-13,CUST321,TRK002,Gasoline,Los Angeles,181,5078,1.52,7718.56,DRV001,3.7,913.0,6805.56
0009,2023-05-02,CUST456,TRK003,Gasoline,San Diego,88,2367,1.69,4000.23,DRV003,2.3,494.0,3506.23
0010,2023-08-03,CUST654,TRK003,Diesel,Las Vegas,121,5042,1.43,7210.06,DRV003,5.0,863.0,6347.06
0011,2023-11-27,CUST456,TRK002,Gasoline,Sacramento,330,3575,1.74,6220.5,DRV003,7.7,1760.0,4460.5
0012,2023-03-29,CUST321,TRK002,Diesel,Los Angeles,382,7754,1.23,9537.42,DRV005,4.5,1596.0,7941.42
0013,2023-04-10,CUST123,TRK001,Gasoline,San Francisco,209,2581,1.74,4490.94,DRV002,1.6,787.0,3703.94
0014,2023-12-26,CUST654,TRK003,Gasoline,Las Vegas,236,2986,1.42,4240.12,DRV004,5.3,1238.0,3002.12
0015,2023-06-01,CUST123,TRK005,Diesel,San Francisco,240,3240,1.12,3628.8,DRV001,3.4,1060.0,2568.8
0016,2023-05-11,CUST123,TRK002,Diesel,San Francisco,471,4966,1.35,6704.1,DRV004,7.0,2113.0,4591.1
0017,2023-05-30,CUST123,TRK002,Diesel,San Diego,169,8604,1.13,9722.52,DRV002,4.0,907.0,8815.52
0018,2023-11-05,CUST789,TRK004,Gasoline,San Diego,269,9320,1.53,14259.6,DRV002,2.3,1037.0,13222.6
0019,2023-09-15,CUST789,TRK005,Diesel,Las Vegas,102,6968,1.37,9546.16,DRV005,2.3,536.0,9010.16
0020,2023-12-10,CUST123,TRK005,Gasoline,Sacramento,271,8493,1.53,12994.29,DRV003,6.4,1453.0,11541.29
0021,2023-10-21,CUST654,TRK002,Diesel,Las Vegas,500,5103,1.17,5970.51,DRV003,2.9,1790.0,4180.51
0022,2023-07-11,CUST321,TRK001,Gasoline,Sacramento,461,3076,1.51,4644.76,DRV002,6.4,2023.0,2621.76
0023,2023-10-04,CUST321,TRK004,Gasoline,San Francisco,180,6231,1.58,9844.98,DRV005,2.4,780.0,9064.98
0024,2023-06-10,CUST456,TRK005,Diesel,Los Angeles,286,3994,1.29,5152.26,DRV005,3.3,1188.0,3964.26
0025,2023-11-10,CUST654,TRK002,Gasoline,Las Vegas,295,4744,1.71,8112.24,DRV001,4.3,1315.0,6797.24
0026,2023-01-22,CUST789,TRK005,Gasoline,Las Vegas,275,6594,1.7,11209.8,DRV003,7.6,1585.0,9624.8
0027,2023-09-10,CUST123,TRK004,Diesel,Sacramento,257,8531,1.28,10919.68,DRV002,7.5,1521.0,9398.68
0028,2023-08-24,CUST456,TRK004,Gasoline,San Francisco,455,8371,1.74,14565.54,DRV004,2.4,1605.0,12960.54
0029,2023-12-11,CUST321,TRK003,Diesel,San Francisco,145,2644,1.15,3040.6,DRV003,3.5,785.0,2255.6
0030,2023-02-18,CUST789,TRK002,Diesel,Sacramento,471,4144,1.2,4972.8,DRV001,2.0,1613.0,3359.8
0031,2023-02-28,CUST789,TRK004,Diesel,San Francisco,249,1242,1.43,1776.06,DRV005,4.6,1207.0,569.06
0032,2023-06-19,CUST123,TRK003,Diesel,San Diego,296,5085,1.25,6356.25,DRV002,4.2,1308.0,5048.25
0033,2023-07-07,CUST321,TRK003,Gasoline,Los Angeles,121,8954,1.79,16027.66,DRV003,7.3,1093.0,14934.66
0034,2023-09-28,CUST654,TRK005,Gasoline,Las Vegas,367,8269,1.59,13147.71,DRV004,7.5,1851.0,11296.71
0035,2023-07-09,CUST789,TRK005,Gasoline,Los Angeles,234,8130,1.72,13983.6,DRV001,3.7,1072.0,12911.6
0036,2023-06-24,CUST123,TRK003,Diesel,Las Vegas,55,7828,1.26,9863.28,DRV001,4.4,605.0,9258.28
0037,2023-02-20,CUST654,TRK005,Gasoline,San Diego,255,9362,1.57,14698.34,DRV003,7.3,1495.0,13203.34
0038,2023-12-30,CUST321,TRK004,Gasoline,San Francisco,81,9844,1.55,15258.2,DRV004,6.6,903.0,14355.2
0039,2023-02-24,CUST789,TRK001,Diesel,Sacramento,148,7331,1.39,10190.09,DRV001,1.0,544.0,9646.09
0040,2023-09-01,CUST654,TRK004,Diesel,San Diego,443,4512,1.32,5955.84,DRV002,3.2,1649.0,4306.84
0041,2023-11-16,CUST654,TRK003,Gasoline,Los Angeles,436,2499,1.78,4448.22,DRV001,4.0,1708.0,2740.22
0042,2023-05-11,CUST654,TRK003,Diesel,Sacramento,305,3158,1.2,3789.6,DRV004,2.6,1175.0,2614.6
0043,2023-11-03,CUST789,TRK004,Diesel,San Francisco,236,6162,1.14,7024.68,DRV005,2.4,948.0,6076.68
0044,2023-05-15,CUST789,TRK005,Diesel,San Diego,125,5039,1.26,6349.14,DRV005,1.3,505.0,5844.14
0045,2023-01-21,CUST456,TRK005,Diesel,Sacramento,226,3035,1.35,4097.25,DRV003,5.5,1228.0,2869.25
0046,2023-11-25,CUST321,TRK003,Gasoline,San Diego,364,8977,1.74,15619.98,DRV004,2.8,1372.0,14247.98
0047,2023-06-16,CUST123,TRK002,Diesel,San Diego,336,1857,1.24,2302.68,DRV001,1.4,1148.0,1154.68
0048,2023-10-01,CUST654,TRK005,Diesel,San Francisco,398,4823,1.36,6559.28,DRV001,2.6,1454.0,5105.28
0049,2023-03-30,CUST456,TRK004,Diesel,Las Vegas,304,7770,1.24,9634.8,DRV005,6.6,1572.0,8062.8
0050,2023-11-12,CUST123,TRK005,Diesel,Sacramento,374,1298,1.35,1752.3,DRV005,7.0,1822.0,-69.7
0051,2023-01-14,CUST456,TRK004,Diesel,San Francisco,239,8244,1.45,11953.8,DRV002,4.4,1157.0,10796.8
0052,2023-08-30,CUST789,TRK003,Diesel,San Diego,357,1923,1.19,2288.37,DRV005,3.9,1461.0,827.37
0053,2023-09-22,CUST654,TRK005,Diesel,San Francisco,394,5232,1.26,6592.32,DRV002,7.8,1962.0,4630.32
0054,2023-12-12,CUST123,TRK004,Diesel,Las Vegas,176,5306,1.5,7959.0,DRV001,2.4,768.0,7191.0
0055,2023-02-22,CUST123,TRK003,Gasoline,Sacramento,474,3799,1.75,6648.25,DRV002,2.5,1672.0,4976.25
0056,2023-12-06,CUST123,TRK002,Diesel,Las Vegas,336,7578,1.33,10078.74,DRV002,3.0,1308.0,8770.74
0057,2023-04-02,CUST123,TRK004,Gasoline,Los Angeles,303,5875,1.61,9458.75,DRV003,2.2,1129.0,8329.75
0058,2023-09-21,CUST123,TRK002,Diesel,Sacramento,262,6326,1.21,7654.46,DRV005,3.7,1156.0,6498.46
0059,2023-02-04,CUST456,TRK002,Diesel,Las Vegas,299,7582,1.31,9932.42,DRV002,7.4,1637.0,8295.42
0060,2023-07-25,CUST654,TRK001,Diesel,San Diego,133,2802,1.44,4034.88,DRV001,5.3,929.0,3105.88
0061,2023-03-22,CUST789,TRK005,Diesel,Sacramento,432,3657,1.37,5010.09,DRV004,3.9,1686.0,3324.09
0062,2023-02-19,CUST789,TRK004,Gasoline,Sacramento,455,4346,1.52,6605.92,DRV002,7.5,2115.0,4490.92
0063,2023-12-26,CUST789,TRK002,Diesel,San Francisco,437,3949,1.18,4659.82,DRV005,1.3,1441.0,3218.82
0064,2023-01-02,CUST789,TRK001,Diesel,San Diego,62,1941,1.21,2348.61,DRV003,2.5,436.0,1912.61
0065,2023-02-23,CUST456,TRK003,Gasoline,Los Angeles,94,2907,1.47,4273.29,DRV001,5.0,782.0,3491.29
0066,2023-04-16,CUST321,TRK004,Gasoline,Las Vegas,176,5837,1.44,8405.28,DRV003,5.3,1058.0,7347.28
0067,2023-09-17,CUST654,TRK002,Diesel,San Francisco,475,9105,1.27,11563.35,DRV004,1.3,1555.0,10008.35
0068,2023-11-06,CUST123,TRK005,Gasoline,Las Vegas,163,2243,1.45,3252.35,DRV002,3.8,869.0,2383.35
0069,2023-07-10,CUST321,TRK001,Gasoline,Los Angeles,482,6696,1.47,9843.12,DRV002,5.5,1996.0,7847.12
0070,2023-08-06,CUST789,TRK002,Gasoline,Los Angeles,325,2466,1.62,3994.92,DRV005,5.9,1565.0,2429.92
0071,2023-02-13,CUST321,TRK005,Diesel,Sacramento,254,4957,1.17,5799.69,DRV002,5.5,1312.0,4487.69
0072,2023-06-11,CUST654,TRK002,Diesel,Los Angeles,386,2966,1.13,3351.58,DRV001,3.2,1478.0,1873.58
0073,2023-07-21,CUST123,TRK004,Diesel,Las Vegas,487,1375,1.23,1691.25,DRV004,1.7,1631.0,60.25
0074,2023-09-27,CUST123,TRK004,Gasoline,San Diego,469,1262,1.49,1880.38,DRV003,4.0,1807.0,73.38
0075,2023-12-17,CUST654,TRK004,Diesel,San Diego,434,5362,1.31,7024.22,DRV004,1.9,1492.0,5532.22
0076,2023-10-31,CUST654,TRK001,Gasoline,Sacramento,448,7502,1.44,10802.88,DRV002,7.6,2104.0,8698.88
0077,2023-09-28,CUST789,TRK004,Diesel,Las Vegas,322,8833,1.4,12366.2,DRV003,4.3,1396.0,10970.2
0078,2023-08-03,CUST123,TRK005,Diesel,Las Vegas,457,2893,1.46,4223.78,DRV005,3.2,1691.0,2532.78
0079,2023-09-09,CUST321,TRK002,Gasoline,Los Angeles,107,9106,1.7,15480.2,DRV004,6.4,961.0,14519.2
0080,2023-07-09,CUST456,TRK003,Diesel,Las Vegas,377,2652,1.31,3474.12,DRV003,4.5,1581.0,1893.12
0081,2023-10-23,CUST456,TRK005,Gasoline,San Francisco,268,6540,1.74,11379.6,DRV003,3.2,1124.0,10255.6
0082,2023-08-01,CUST654,TRK005,Gasoline,Los Angeles,158,4892,1.68,8218.56,DRV003,6.7,1144.0,7074.56
0083,2023-07-27,CUST789,TRK004,Diesel,San Francisco,328,1599,1.1,1758.9,DRV001,7.1,1694.0,64.9
0084,2023-08-25,CUST456,TRK001,Gasoline,Sacramento,223,5815,1.56,9071.4,DRV004,5.7,1239.0,7832.4
0085,2023-12-04,CUST123,TRK002,Diesel,San Diego,377,2912,1.44,4193.28,DRV003,1.3,1261.0,2932.28
0086,2023-02-22,CUST654,TRK001,Diesel,Sacramento,313,9792,1.24,12142.08,DRV004,5.0,1439.0,10703.08
0087,2023-10-07,CUST321,TRK002,Gasoline,San Diego,364,9572,1.41,13496.52,DRV003,6.3,1722.0,11774.52
0088,2023-08-05,CUST654,TRK002,Diesel,Sacramento,160,5213,1.4,7298.2,DRV005,2.0,680.0,6618.2
0089,2023-09-09,CUST321,TRK001,Gasoline,Las Vegas,236,4637,1.72,7975.64,DRV005,2.6,968.0,7007.64
0090,2023-07-07,CUST654,TRK005,Diesel,San Francisco,318,6599,1.16,7654.84,DRV005,7.2,1674.0,5980.84
0091,2023-02-10,CUST654,TRK002,Diesel,San Diego,472,7448,1.31,9756.88,DRV002,1.1,1526.0,8230.88
0092,2023-06-06,CUST654,TRK001,Diesel,Los Angeles,278,9557,1.18,11277.26,DRV003,6.3,1464.0,9813.26
0093,2023-01-15,CUST321,TRK002,Diesel,San Francisco,205,8382,1.39,11650.98,DRV002,4.3,1045.0,10605.98
0094,2023-10-28,CUST321,TRK003,Diesel,Los Angeles,238,9982,1.21,12078.22,DRV004,4.1,1124.0,10954.22
0095,2023-03-06,CUST654,TRK005,Gasoline,San Francisco,321,4569,1.53,6990.57,DRV002,1.0,1063.0,5927.57
0096,2023-12-11,CUST456,TRK004,Gasoline,San Francisco,424,8707,1.74,15150.18,DRV004,6.7,1942.0,13208.18
0097,2023-11-23,CUST789,TRK002,Gasoline,Sacramento,51,1746,1.59,2776.14,DRV004,3.5,503.0,2273.14
0098,2023-01-09,CUST789,TRK003,Gasoline,San Diego,295,9504,1.67,15871.68,DRV004,4.8,1365.0,14506.68
0099,2023-12-10,CUST789,TRK004,Gasoline,San Diego,259,5633,1.56,8787.48,DRV002,5.7,1347.0,7440.48
0100,2023-05-09,CUST321,TRK004,Gasoline,San Francisco,450,1920,1.52,2918.4,DRV003,5.9,1940.0,978.4
0101,2023-05-16,CUST321,TRK002,Diesel,Las Vegas,335,8008,1.35,10810.8,DRV002,7.7,1775.0,9035.8
0102,2023-03-04,CUST456,TRK001,Diesel,Las Vegas,408,3381,1.16,3921.96,DRV003,4.7,1694.0,2227.96
0103,2023-05-19,CUST789,TRK002,Gasoline,Los Angeles,62,4618,1.55,7157.9,DRV003,3.8,566.0,6591.9
0104,2023-03-22,CUST789,TRK003,Gasoline,Los Angeles,145,9989,1.48,14783.72,DRV004,7.7,1205.0,13578.72
0105,2023-06-12,CUST654,TRK004,Diesel,Sacramento,270,5443,1.38,7511.34,DRV002,5.5,1360.0,6151.34
0106,2023-10-16,CUST321,TRK002,Diesel,San Francisco,287,1272,1.48,1882.56,DRV003,3.1,1171.0,711.56
0107,2023-09-18,CUST789,TRK001,Diesel,Los Angeles,143,2773,1.5,4159.5,DRV005,1.9,619.0,3540.5
0108,2023-08-19,CUST456,TRK002,Gasoline,Los Angeles,387,3547,1.58,5604.26,DRV003,6.9,1851.0,3753.26
0109,2023-02-10,CUST456,TRK005,Gasoline,San Francisco,318,4164,1.5,6246.0,DRV005,3.5,1304.0,4942.0
0110,2023-01-28,CUST789,TRK001,Gasoline,Sacramento,220,5780,1.58,9132.4,DRV002,5.6,1220.0,7912.4
0111,2023-05-15,CUST321,TRK003,Diesel,Los Angeles,143,1946,1.44,2802.24,DRV002,4.3,859.0,1943.24
0112,2023-07-20,CUST456,TRK004,Diesel,Sacramento,198,1506,1.18,1777.08,DRV002,2.4,834.0,943.08
0113,2023-11-24,CUST654,TRK002,Gasoline,San Diego,161,7719,1.78,13739.82,DRV003,5.2,1003.0,12736.82
0114,2023-09-25,CUST456,TRK001,Gasoline,Sacramento,104,9435,1.54,14529.9,DRV001,1.4,452.0,14077.9
0115,2023-02-02,CUST123,TRK005,Diesel,Las Vegas,386,9697,1.49,14448.53,DRV003,3.9,1548.0,12900.53
0116,2023-02-17,CUST123,TRK001,Diesel,Las Vegas,473,7360,1.44,10598.4,DRV003,4.8,1899.0,8699.4
0117,2023-03-03,CUST321,TRK005,Diesel,Sacramento,165,8657,1.42,12292.94,DRV004,4.1,905.0,11387.94
0118,2023-08-04,CUST789,TRK003,Diesel,Las Vegas,192,4590,1.23,5645.7,DRV004,6.2,1196.0,4449.7
0119,2023-10-20,CUST321,TRK004,Gasoline,San Diego,250,2192,1.4,3068.8,DRV003,6.8,1430.0,1638.8
0120,2023-04-09,CUST321,TRK003,Diesel,San Francisco,229,2464,1.25,3080.0,DRV005,6.4,1327.0,1753.0
0121,2023-06-21,CUST321,TRK002,Diesel,Las Vegas,251,1390,1.22,1695.8,DRV004,1.3,883.0,812.8
0122,2023-12-26,CUST321,TRK001,Diesel,Las Vegas,413,6615,1.11,7342.65,DRV003,2.4,1479.0,5863.65
0123,2023-08-02,CUST654,TRK005,Gasoline,Sacramento,102,7106,1.6,11369.6,DRV001,4.8,786.0,10583.6
0124,2023-02-04,CUST654,TRK005,Gasoline,San Diego,433,9864,1.56,15387.84,DRV005,7.5,2049.0,13338.84
0125,2023-08-15,CUST456,TRK001,Diesel,San Francisco,229,3560,1.35,4806.0,DRV002,6.8,1367.0,3439.0
0126,2023-04-11,CUST123,TRK001,Diesel,Sacramento,463,6867,1.35,9270.45,DRV003,6.9,2079.0,7191.45
0127,2023-05-11,CUST321,TRK002,Diesel,Sacramento,466,2211,1.15,2542.65,DRV003,3.1,1708.0,834.65
0128,2023-09-14,CUST456,TRK003,Gasoline,San Diego,362,2539,1.79,4544.81,DRV005,4.0,1486.0,3058.81
0129,2023-01-05,CUST123,TRK005,Gasoline,San Francisco,357,1643,1.47,2415.21,DRV004,4.3,1501.0,914.21
0130,2023-08-06,CUST789,TRK002,Gasoline,San Diego,186,9693,1.58,15314.94,DRV004,2.1,768.0,14546.94
0131,2023-09-12,CUST654,TRK003,Diesel,San Francisco,231,9921,1.3,12897.3,DRV004,1.2,813.0,12084.3
0132,2023-12-25,CUST123,TRK002,Gasoline,San Diego,416,2283,1.73,3949.59,DRV002,7.6,2008.0,1941.59
0133,2023-10-10,CUST789,TRK005,Diesel,Sacramento,50,8680,1.14,9895.2,DRV005,2.7,420.0,9475.2
0134,2023-07-26,CUST123,TRK001,Diesel,Sacramento,93,8345,1.27,10598.15,DRV005,2.7,549.0,10049.15
0135,2023-01-15,CUST654,TRK001,Diesel,Los Angeles,276,5386,1.35,7271.1,DRV004,1.6,988.0,6283.1
0136,2023-12-12,CUST654,TRK003,Gasoline,Las Vegas,380,1919,1.49,2859.31,DRV004,7.5,1890.0,969.31
0137,2023-02-11,CUST456,TRK004,Diesel,San Diego,147,3339,1.35,4507.65,DRV001,5.1,951.0,3556.65
0138,2023-06-28,CUST321,TRK003,Gasoline,Los Angeles,257,9947,1.77,17606.19,DRV001,5.7,1341.0,16265.19
0139,2023-03-04,CUST123,TRK004,Gasoline,Las Vegas,314,6930,1.8,12474.0,DRV003,7.4,1682.0,10792.0
0140,2023-12-18,CUST123,TRK002,Diesel,San Diego,337,6402,1.11,7106.22,DRV003,3.4,1351.0,5755.22
0141,2023-08-19,CUST789,TRK002,Diesel,San Francisco,320,6663,1.19,7928.97,DRV005,5.4,1500.0,6428.97
0142,2023-08-29,CUST654,TRK005,Gasoline,Las Vegas,189,6275,1.52,9538.0,DRV005,1.3,697.0,8841.0
0143,2023-02-21,CUST123,TRK004,Diesel,Sacramento,286,1507,1.26,1898.82,DRV002,2.3,1088.0,810.82
0144,2023-04-06,CUST654,TRK005,Gasoline,Los Angeles,490,2436,1.5,3654.0,DRV002,6.8,2150.0,1504.0
0145,2023-08-10,CUST123,TRK001,Diesel,Las Vegas,441,9750,1.18,11505.0,DRV001,6.4,1963.0,9542.0
0146,2023-08-19,CUST456,TRK004,Gasoline,Las Vegas,121,8354,1.78,14870.12,DRV003,3.5,713.0,14157.12
0147,2023-08-25,CUST321,TRK003,Gasoline,Sacramento,204,5516,1.77,9763.32,DRV001,3.6,972.0,8791.32
0148,2023-05-23,CUST123,TRK001,Gasoline,San Diego,239,4622,1.42,6563.24,DRV001,4.7,1187.0,5376.24
0149,2023-06-20,CUST654,TRK001,Gasoline,San Francisco,317,5399,1.54,8314.46,DRV003,1.0,1051.0,7263.46
0150,2023-01-29,CUST456,TRK003,Diesel,Sacramento,370,6037,1.26,7606.62,DRV002,2.7,1380.0,6226.62
0151,2023-02-05,CUST123,TRK001,Diesel,San Francisco,156,9111,1.2,10933.2,DRV003,2.5,718.0,10215.2
0152,2023-01-13,CUST789,TRK004,Gasoline,San Diego,281,4715,1.65,7779.75,DRV004,2.8,1123.0,6656.75
0153,2023-06-09,CUST321,TRK005,Gasoline,Las Vegas,91,8837,1.66,14669.42,DRV004,6.6,933.0,13736.42
0154,2023-11-23,CUST123,TRK001,Diesel,San Francisco,239,2301,1.44,3313.44,DRV004,3.0,1017.0,2296.44
0155,2023-07-06,CUST456,TRK004,Diesel,Los Angeles,420,8370,1.4,11718.0,DRV005,2.3,1490.0,10228.0
0156,2023-08-31,CUST789,TRK002,Diesel,Los Angeles,188,6185,1.32,8164.2,DRV002,4.5,1014.0,7150.2
0157,2023-03-27,CUST456,TRK004,Diesel,Sacramento,152,3155,1.36,4290.8,DRV002,7.1,1166.0,3124.8
0158,2023-10-11,CUST456,TRK005,Diesel,San Diego,220,7411,1.21,8967.31,DRV005,2.7,930.0,8037.31
0159,2023-03-07,CUST789,TRK004,Diesel,Sacramento,400,7365,1.34,9869.1,DRV001,1.5,1350.0,8519.1
0160,2023-06-19,CUST456,TRK003,Gasoline,Sacramento,322,1692,1.6,2707.2,DRV004,3.5,1316.0,1391.2
0161,2023-02-14,CUST789,TRK005,Diesel,Sacramento,465,2478,1.15,2849.7,DRV004,6.2,2015.0,834.7
0162,2023-03-03,CUST123,TRK002,Diesel,Los Angeles,270,7396,1.2,8875.2,DRV001,4.9,1300.0,7575.2
0163,2023-05-14,CUST789,TRK003,Gasoline,Los Angeles,262,9448,1.52,14360.96,DRV003,6.7,1456.0,12904.96
0164,2023-10-11,CUST789,TRK004,Diesel,Sacramento,390,1441,1.47,2118.27,DRV003,7.7,1940.0,178.27
0165,2023-01-28,CUST321,TRK005,Diesel,Los Angeles,473,3646,1.19,4338.74,DRV002,6.5,2069.0,2269.74
0166,2023-04-18,CUST789,TRK002,Diesel,San Diego,456,6209,1.22,7574.98,DRV005,5.2,1888.0,5686.98
0167,2023-02-13,CUST789,TRK003,Diesel,Sacramento,105,7533,1.25,9416.25,DRV002,4.5,765.0,8651.25
0168,2023-12-06,CUST123,TRK002,Diesel,Los Angeles,439,5677,1.37,7777.49,DRV003,1.3,1447.0,6330.49
0169,2023-10-13,CUST321,TRK004,Gasoline,San Francisco,391,8211,1.45,11905.95,DRV001,7.9,1963.0,9942.95
0170,2023-11-27,CUST654,TRK002,Diesel,Sacramento,483,3645,1.48,5394.6,DRV002,3.7,1819.0,3575.6
0171,2023-05-08,CUST123,TRK001,Gasoline,Sacramento,151,9210,1.75,16117.5,DRV004,2.1,663.0,15454.5
0172,2023-12-14,CUST123,TRK003,Gasoline,San Diego,470,8933,1.63,14560.79,DRV004,5.7,1980.0,12580.79
0173,2023-08-19,CUST654,TRK002,Diesel,Las Vegas,241,6476,1.37,8872.12,DRV001,3.0,1023.0,7849.12
0174,2023-07-09,CUST789,TRK004,Gasoline,Las Vegas,359,8928,1.41,12588.48,DRV003,5.1,1587.0,11001.48
0175,2023-08-13,CUST456,TRK004,Diesel,San Diego,249,3080,1.24,3819.2,DRV004,5.1,1257.0,2562.2
0176,2023-10-10,CUST321,TRK002,Gasoline,San Diego,282,7089,1.72,12193.08,DRV004,4.1,1256.0,10937.08
0177,2023-05-01,CUST456,TRK004,Gasoline,San Diego,482,8396,1.43,12006.28,DRV005,6.9,2136.0,9870.28
0178,2023-04-26,CUST654,TRK005,Diesel,Las Vegas,276,8797,1.21,10644.37,DRV002,2.9,1118.0,9526.37
0179,2023-08-21,CUST123,TRK005,Diesel,San Diego,420,1861,1.33,2475.13,DRV003,4.1,1670.0,805.13
0180,2023-09-16,CUST123,TRK005,Diesel,Los Angeles,188,9346,1.2,11215.2,DRV002,4.8,1044.0,10171.2
0181,2023-12-25,CUST321,TRK001,Diesel,Sacramento,393,4494,1.47,6606.18,DRV003,5.6,1739.0,4867.18
0182,2023-07-17,CUST123,TRK002,Diesel,Sacramento,354,1904,1.15,2189.6,DRV004,6.5,1712.0,477.6
0183,2023-05-17,CUST123,TRK001,Gasoline,San Francisco,198,2269,1.72,3902.68,DRV005,3.8,974.0,2928.68
0184,2023-11-14,CUST321,TRK004,Gasoline,San Francisco,164,1404,1.6,2246.4,DRV002,5.5,1042.0,1204.4
0185,2023-06-14,CUST321,TRK001,Gasoline,Sacramento,499,2184,1.7,3712.8,DRV004,2.1,1707.0,2005.8
0186,2023-08-13,CUST654,TRK004,Gasoline,Los Angeles,112,9938,1.52,15105.76,DRV003,7.5,1086.0,14019.76
0187,2023-11-03,CUST123,TRK004,Gasoline,Las Vegas,153,2725,1.61,4387.25,DRV002,3.7,829.0,3558.25
0188,2023-08-22,CUST123,TRK003,Gasoline,Las Vegas,388,9462,1.74,16463.88,DRV002,6.1,1774.0,14689.88
0189,2023-06-21,CUST654,TRK005,Gasoline,Los Angeles,408,6811,1.59,10829.49,DRV004,1.1,1334.0,9495.49
0190,2023-06-01,CUST789,TRK004,Diesel,Las Vegas,205,6606,1.24,8191.44,DRV002,2.4,855.0,7336.44
0191,2023-11-11,CUST789,TRK003,Diesel,San Diego,322,4956,1.31,6492.36,DRV005,4.4,1406.0,5086.36
0192,2023-06-09,CUST789,TRK005,Gasoline,Sacramento,55,1171,1.69,1978.99,DRV005,7.1,875.0,1103.99
0193,2023-04-06,CUST654,TRK004,Gasoline,Sacramento,196,9465,1.58,14954.7,DRV004,4.7,1058.0,13896.7
0194,2023-08-21,CUST123,TRK004,Diesel,Los Angeles,233,3306,1.48,4892.88,DRV003,7.5,1449.0,3443.88
0195,2023-06-29,CUST654,TRK001,Diesel,Las Vegas,77,1421,1.22,1733.62,DRV004,4.4,671.0,1062.62
0196,2023-04-23,CUST654,TRK001,Diesel,San Francisco,499,6540,1.29,8436.6,DRV005,4.4,1937.0,6499.6
0197,2023-11-14,CUST789,TRK005,Diesel,San Francisco,87,5675,1.4,7945.0,DRV001,1.8,441.0,7504.0
0198,2023-02-21,CUST456,TRK004,Gasoline,Las Vegas,168,7748,1.68,13016.64,DRV001,6.6,1164.0,11852.64
0199,2023-09-25,CUST123,TRK002,Diesel,San Francisco,342,7103,1.45,10299.35,DRV002,2.7,1296.0,9003.35
0200,2023-10-22,CUST789,TRK001,Gasoline,Los Angeles,420,2473,1.8,4451.4,DRV002,7.3,1990.0,2461.4
0201,2023-04-23,CUST456,TRK005,Gasoline,Los Angeles,293,4243,1.57,6661.51,DRV001,7.4,1619.0,5042.51
0202,2023-04-11,CUST456,TRK004,Gasoline,Las Vegas,117,3181,1.44,4580.64,DRV005,7.6,1111.0,3469.64
0203,2023-04-23,CUST321,TRK004,Diesel,San Francisco,263,4096,1.11,4546.56,DRV002,4.6,1249.0,3297.56
0204,2023-03-22,CUST123,TRK002,Diesel,Los Angeles,267,7646,1.39,10627.94,DRV004,5.7,1371.0,9256.94
0205,2023-07-06,CUST456,TRK005,Gasoline,Los Angeles,226,6882,1.75,12043.5,DRV004,6.4,1318.0,10725.5
0206,2023-04-23,CUST789,TRK004,Gasoline,San Diego,348,6982,1.49,10403.18,DRV005,1.9,1234.0,9169.18
0207,2023-01-02,CUST321,TRK001,Gasoline,San Diego,213,6798,1.46,9925.08,DRV002,5.2,1159.0,8766.08
0208,2023-05-10,CUST123,TRK002,Diesel,Los Angeles,107,9415,1.12,10544.8,DRV004,1.2,441.0,10103.8
0209,2023-08-08,CUST654,TRK005,Gasoline,Las Vegas,318,9411,1.73,16281.03,DRV002,4.5,1404.0,14877.03
0210,2023-02-23,CUST789,TRK002,Diesel,Sacramento,357,9456,1.22,11536.32,DRV002,2.1,1281.0,10255.32
0211,2023-12-09,CUST456,TRK001,Gasoline,Sacramento,107,5524,1.56,8617.44,DRV004,2.3,551.0,8066.44
0212,2023-08-12,CUST456,TRK005,Gasoline,Los Angeles,337,7559,1.6,12094.4,DRV001,3.6,1371.0,10723.4
0213,2023-08-13,CUST789,TRK002,Gasoline,Los Angeles,154,8620,1.74,14998.8,DRV004,4.0,862.0,14136.8
0214,2023-05-06,CUST456,TRK003,Diesel,Los Angeles,277,3774,1.36,5132.64,DRV005,5.4,1371.0,3761.64
0215,2023-05-10,CUST321,TRK001,Diesel,Las Vegas,296,6673,1.35,9008.55,DRV003,1.5,1038.0,7970.55
0216,2023-02-22,CUST123,TRK001,Gasoline,San Diego,237,4124,1.47,6062.28,DRV004,4.5,1161.0,4901.28
0217,2023-06-21,CUST321,TRK001,Diesel,Los Angeles,132,9671,1.31,12669.01,DRV002,2.3,626.0,12043.01
0218,2023-08-06,CUST456,TRK003,Gasoline,Los Angeles,235,2353,1.69,3976.57,DRV002,5.0,1205.0,2771.57
0219,2023-06-09,CUST654,TRK003,Diesel,San Francisco,301,4854,1.49,7232.46,DRV004,5.5,1453.0,5779.46
0220,2023-07-17,CUST123,TRK004,Diesel,Las Vegas,404,9134,1.18,10778.12,DRV003,4.9,1702.0,9076.12
0221,2023-09-04,CUST123,TRK002,Diesel,Los Angeles,287,1924,1.1,2116.4,DRV004,6.2,1481.0,635.4
0222,2023-11-20,CUST789,TRK004,Gasoline,San Francisco,409,3170,1.43,4533.1,DRV003,3.3,1557.0,2976.1
0223,2023-07-22,CUST789,TRK002,Diesel,Sacramento,233,6506,1.25,8132.5,DRV003,6.4,1339.0,6793.5
0224,2023-07-03,CUST654,TRK003,Diesel,Los Angeles,333,3395,1.43,4854.85,DRV005,4.0,1399.0,3455.85
0225,2023-05-03,CUST123,TRK003,Gasoline,Los Angeles,434,9220,1.4,12908.0,DRV002,4.4,1742.0,11166.0
0226,2023-09-12,CUST654,TRK004,Gasoline,San Francisco,475,9226,1.58,14577.08,DRV002,5.5,1975.0,12602.08
0227,2023-10-21,CUST789,TRK005,Gasoline,Las Vegas,259,6515,1.53,9967.95,DRV003,1.1,887.0,9080.95
0228,2023-10-07,CUST789,TRK004,Gasoline,Los Angeles,353,3670,1.42,5211.4,DRV002,5.6,1619.0,3592.4
0229,2023-11-21,CUST123,TRK002,Diesel,Sacramento,345,4365,1.28,5587.2,DRV001,5.3,1565.0,4022.2
0230,2023-04-08,CUST321,TRK004,Diesel,Los Angeles,146,1588,1.2,1905.6,DRV003,3.2,758.0,1147.6
0231,2023-07-17,CUST456,TRK001,Diesel,Sacramento,496,4138,1.24,5131.12,DRV002,1.6,1648.0,3483.12
0232,2023-08-28,CUST789,TRK002,Diesel,San Diego,257,7663,1.38,10574.94,DRV001,1.6,931.0,9643.94
0233,2023-05-24,CUST789,TRK002,Diesel,San Diego,419,5086,1.31,6662.66,DRV005,7.5,2007.0,4655.66
0234,2023-04-07,CUST321,TRK005,Gasoline,Sacramento,437,9531,1.45,13819.95,DRV002,5.8,1891.0,11928.95
0235,2023-07-20,CUST321,TRK003,Diesel,Las Vegas,471,5270,1.48,7799.6,DRV001,1.9,1603.0,6196.6
0236,2023-05-04,CUST654,TRK002,Diesel,Los Angeles,460,7019,1.35,9475.65,DRV004,3.5,1730.0,7745.65
0237,2023-07-06,CUST654,TRK003,Diesel,Los Angeles,186,1556,1.41,2193.96,DRV004,5.1,1068.0,1125.96
0238,2023-11-22,CUST456,TRK004,Gasoline,San Diego,416,9022,1.43,12901.46,DRV001,6.8,1928.0,10973.46
0239,2023-12-15,CUST456,TRK001,Gasoline,Sacramento,449,6452,1.42,9161.84,DRV003,1.3,1477.0,7684.84
0240,2023-09-16,CUST123,TRK005,Diesel,Los Angeles,233,4567,1.11,5069.37,DRV003,2.7,969.0,4100.37
0241,2023-05-28,CUST654,TRK003,Gasoline,Los Angeles,125,4899,1.48,7250.52,DRV002,7.2,1095.0,6155.52
0242,2023-09-09,CUST789,TRK002,Gasoline,Las Vegas,336,7477,1.57,11738.89,DRV004,1.1,1118.0,10620.89
0243,2023-12-12,CUST654,TRK003,Gasoline,San Francisco,424,8500,1.77,15045.0,DRV003,2.4,1512.0,13533.0
0244,2023-05-27,CUST789,TRK002,Gasoline,San Diego,191,2016,1.58,3185.28,DRV003,7.7,1343.0,1842.28
0245,2023-05-28,CUST321,TRK003,Gasoline,San Diego,286,7470,1.52,11354.4,DRV004,5.3,1388.0,9966.4
0246,2023-12-18,CUST654,TRK002,Gasoline,San Francisco,74,3062,1.62,4960.44,DRV005,2.8,502.0,4458.44
0247,2023-07-18,CUST321,TRK004,Gasoline,Los Angeles,339,5321,1.44,7662.24,DRV003,1.5,1167.0,6495.24
0248,2023-11-04,CUST456,TRK002,Diesel,Las Vegas,116,4496,1.34,6024.64,DRV001,1.2,468.0,5556.64
0249,2023-05-08,CUST456,TRK002,Diesel,Las Vegas,299,2813,1.33,3741.29,DRV002,2.7,1167.0,2574.29
0250,2023-02-08,CUST123,TRK001,Gasoline,San Diego,457,7256,1.72,12480.32,DRV003,7.2,2091.0,10389.32
0251,2023-12-04,CUST654,TRK002,Diesel,Las Vegas,167,3313,1.49,4936.37,DRV003,3.9,891.0,4045.37
0252,2023-12-26,CUST321,TRK001,Diesel,San Francisco,122,2231,1.2,2677.2,DRV005,6.0,966.0,1711.2
0253,2023-05-09,CUST789,TRK005,Gasoline,Los Angeles,331,6831,1.6,10929.6,DRV001,7.4,1733.0,9196.6
0254,2023-09-24,CUST456,TRK001,Diesel,San Francisco,453,3999,1.46,5838.54,DRV002,3.9,1749.0,4089.54
0255,2023-05-31,CUST456,TRK004,Gasoline,Sacramento,497,4440,1.71,7592.4,DRV003,2.3,1721.0,5871.4
0256,2023-10-25,CUST789,TRK001,Gasoline,San Diego,409,5056,1.59,8039.04,DRV002,4.6,1687.0,6352.04
0257,2023-04-09,CUST321,TRK005,Gasoline,Las Vegas,59,1305,1.78,2322.9,DRV004,7.4,917.0,1405.9
0258,2023-09-20,CUST321,TRK004,Diesel,Sacramento,260,2689,1.12,3011.68,DRV003,6.6,1440.0,1571.68
0259,2023-09-09,CUST654,TRK003,Diesel,Las Vegas,372,4917,1.47,7227.99,DRV003,1.5,1266.0,5961.99
0260,2023-05-24,CUST654,TRK003,Diesel,Los Angeles,201,8080,1.12,9049.6,DRV004,5.8,1183.0,7866.6
0261,2023-12-12,CUST123,TRK001,Diesel,Los Angeles,54,9611,1.32,12686.52,DRV005,5.0,662.0,12024.52
0262,2023-04-22,CUST456,TRK001,Gasoline,Los Angeles,244,3936,1.76,6927.36,DRV003,7.4,1472.0,5455.36
0263,2023-03-01,CUST654,TRK005,Gasoline,Las Vegas,491,4862,1.51,7341.62,DRV002,1.9,1663.0,5678.62
0264,2023-01-02,CUST321,TRK005,Diesel,Sacramento,332,6649,1.29,8577.21,DRV001,4.7,1466.0,7111.21
0265,2023-10-31,CUST789,TRK002,Gasoline,Los Angeles,162,4261,1.53,6519.33,DRV002,7.2,1206.0,5313.33
0266,2023-09-11,CUST321,TRK005,Gasoline,Sacramento,320,2819,1.78,5017.82,DRV005,3.9,1350.0,3667.82
0267,2023-05-20,CUST456,TRK002,Diesel,Las Vegas,212,2342,1.43,3349.06,DRV001,4.4,1076.0,2273.06
0268,2023-02-06,CUST321,TRK004,Gasoline,Sacramento,154,6560,1.68,11020.8,DRV002,1.5,612.0,10408.8
0269,2023-06-09,CUST123,TRK001,Diesel,Las Vegas,230,3226,1.34,4322.84,DRV002,2.9,980.0,3342.84
0270,2023-01-09,CUST456,TRK004,Gasoline,Las Vegas,93,2079,1.73,3596.67,DRV004,3.3,609.0,2987.67
0271,2023-08-21,CUST789,TRK005,Diesel,San Diego,331,5206,1.26,6559.56,DRV005,7.6,1753.0,4806.56
0272,2023-04-09,CUST123,TRK004,Gasoline,Las Vegas,224,7280,1.58,11502.4,DRV004,3.0,972.0,10530.4
0273,2023-05-27,CUST456,TRK004,Gasoline,Las Vegas,211,8235,1.69,13917.15,DRV001,4.2,1053.0,12864.15
0274,2023-10-31,CUST789,TRK004,Diesel,San Francisco,400,1813,1.24,2248.12,DRV004,5.7,1770.0,478.12
0275,2023-07-27,CUST123,TRK005,Diesel,Los Angeles,483,6089,1.13,6880.57,DRV005,2.1,1659.0,5221.57
0276,2023-05-11,CUST123,TRK004,Diesel,San Diego,389,3031,1.13,3425.03,DRV003,4.4,1607.0,1818.03
0277,2023-06-01,CUST456,TRK002,Diesel,San Diego,189,9514,1.15,10941.1,DRV003,6.2,1187.0,9754.1
0278,2023-02-23,CUST654,TRK005,Gasoline,San Diego,181,6911,1.75,12094.25,DRV001,7.1,1253.0,10841.25
0279,2023-04-30,CUST123,TRK004,Gasoline,San Francisco,136,3653,1.59,5808.27,DRV003,5.4,948.0,4860.27
0280,2023-06-10,CUST123,TRK005,Diesel,Las Vegas,225,4340,1.39,6032.6,DRV004,5.7,1245.0,4787.6
0281,2023-04-26,CUST789,TRK003,Gasoline,Los Angeles,232,8876,1.56,13846.56,DRV001,1.9,886.0,12960.56
0282,2023-03-16,CUST321,TRK002,Diesel,Sacramento,417,2141,1.2,2569.2,DRV005,7.6,2011.0,558.2
0283,2023-04-23,CUST456,TRK004,Diesel,Las Vegas,178,9558,1.24,11851.92,DRV001,1.9,724.0,11127.92
0284,2023-04-14,CUST456,TRK003,Gasoline,San Francisco,295,3897,1.72,6702.84,DRV001,6.4,1525.0,5177.84
0285,2023-12-06,CUST654,TRK003,Gasoline,Las Vegas,138,5041,1.65,8317.65,DRV002,2.9,704.0,7613.65
0286,2023-09-11,CUST654,TRK005,Diesel,Las Vegas,115,3038,1.48,4496.24,DRV002,7.5,1095.0,3401.24
0287,2023-08-15,CUST456,TRK003,Diesel,San Francisco,207,5270,1.37,7219.9,DRV001,6.0,1221.0,5998.9
0288,2023-04-22,CUST654,TRK002,Diesel,San Diego,436,5683,1.33,7558.39,DRV003,6.3,1938.0,5620.39
0289,2023-04-09,CUST789,TRK002,Gasoline,San Diego,427,1494,1.64,2450.16,DRV002,2.5,1531.0,919.16
0290,2023-06-02,CUST456,TRK001,Gasoline,Los Angeles,198,8116,1.78,14446.48,DRV005,4.1,1004.0,13442.48
0291,2023-12-15,CUST654,TRK002,Gasoline,Los Angeles,389,2784,1.72,4788.48,DRV004,5.3,1697.0,3091.48
0292,2023-12-04,CUST456,TRK003,Gasoline,San Diego,482,4510,1.41,6359.1,DRV002,6.4,2086.0,4273.1
0293,2023-07-13,CUST321,TRK002,Diesel,Sacramento,165,4786,1.31,6269.66,DRV001,1.7,665.0,5604.66
0294,2023-11-06,CUST123,TRK005,Diesel,Las Vegas,263,6266,1.38,8647.08,DRV003,7.7,1559.0,7088.08
0295,2023-06-12,CUST456,TRK001,Diesel,Sacramento,495,6428,1.4,8999.2,DRV004,7.2,2205.0,6794.2
0296,2023-07-27,CUST123,TRK003,Diesel,Las Vegas,421,7681,1.19,9140.39,DRV002,2.9,1553.0,7587.39
0297,2023-06-18,CUST654,TRK001,Diesel,San Diego,343,7893,1.45,11444.85,DRV003,6.8,1709.0,9735.85
0298,2023-06-10,CUST123,TRK003,Diesel,Los Angeles,302,5658,1.48,8373.84,DRV003,4.6,1366.0,7007.84
0299,2023-03-09,CUST456,TRK005,Gasoline,Los Angeles,192,8082,1.49,12042.18,DRV003,4.2,996.0,11046.18
0300,2023-10-16,CUST321,TRK001,Gasoline,Sacramento,299,7869,1.75,13770.75,DRV001,3.2,1217.0,12553.75
0301,2023-10-04,CUST654,TRK004,Diesel,Los Angeles,415,8607,1.14,9811.98,DRV005,5.1,1755.0,8056.98
0302,2023-10-31,CUST456,TRK003,Diesel,San Diego,485,8669,1.12,9709.28,DRV003,6.1,2065.0,7644.28
0303,2023-05-15,CUST654,TRK004,Gasoline,Sacramento,351,7219,1.45,10467.55,DRV004,3.9,1443.0,9024.55
0304,2023-07-14,CUST789,TRK001,Gasoline,Las Vegas,74,5534,1.42,7858.28,DRV002,5.4,762.0,7096.28
0305,2023-05-08,CUST123,TRK004,Gasoline,Los Angeles,326,6979,1.74,12143.46,DRV004,5.9,1568.0,10575.46
0306,2023-02-02,CUST789,TRK004,Gasoline,San Francisco,426,9890,1.42,14043.8,DRV001,6.0,1878.0,12165.8
0307,2023-06-25,CUST456,TRK001,Diesel,Los Angeles,427,2312,1.21,2797.52,DRV001,1.4,1421.0,1376.52
0308,2023-01-22,CUST321,TRK005,Diesel,Las Vegas,438,3962,1.14,4516.68,DRV004,7.0,2014.0,2502.68
0309,2023-08-26,CUST654,TRK004,Diesel,Sacramento,119,3938,1.22,4804.36,DRV005,4.2,777.0,4027.36
0310,2023-06-07,CUST123,TRK004,Diesel,Las Vegas,162,4197,1.14,4784.58,DRV001,2.8,766.0,4018.58
0311,2023-02-07,CUST654,TRK005,Diesel,San Francisco,412,6296,1.37,8625.52,DRV001,2.7,1506.0,7119.52
0312,2023-08-18,CUST456,TRK004,Gasoline,San Diego,161,8204,1.45,11895.8,DRV004,4.4,923.0,10972.8
0313,2023-12-31,CUST654,TRK004,Diesel,Los Angeles,413,6730,1.44,9691.2,DRV001,7.2,1959.0,7732.2
0314,2023-02-20,CUST123,TRK004,Gasoline,Sacramento,352,1126,1.73,1947.98,DRV005,3.6,1416.0,531.98
0315,2023-09-21,CUST456,TRK002,Diesel,San Diego,140,6602,1.11,7328.22,DRV005,6.2,1040.0,6288.22
0316,2023-10-10,CUST654,TRK005,Diesel,Las Vegas,67,2191,1.46,3198.86,DRV005,1.7,371.0,2827.86
0317,2023-01-27,CUST321,TRK004,Diesel,Sacramento,198,3639,1.11,4039.29,DRV002,4.3,1024.0,3015.29
0318,2023-08-14,CUST456,TRK005,Diesel,San Diego,276,2366,1.2,2839.2,DRV005,7.9,1618.0,1221.2
0319,2023-10-04,CUST456,TRK003,Diesel,Sacramento,263,7453,1.11,8272.83,DRV005,6.4,1429.0,6843.83
0320,2023-10-13,CUST321,TRK003,Gasoline,San Francisco,409,7671,1.53,11736.63,DRV002,2.5,1477.0,10259.63
0321,2023-04-07,CUST789,TRK004,Gasoline,San Francisco,200,7683,1.61,12369.63,DRV003,4.5,1050.0,11319.63
0322,2023-10-11,CUST123,TRK005,Gasoline,Los Angeles,241,5539,1.72,9527.08,DRV001,2.6,983.0,8544.08
0323,2023-11-13,CUST789,TRK005,Diesel,Los Angeles,500,9876,1.24,12246.24,DRV005,3.9,1890.0,10356.24
0324,2023-10-31,CUST654,TRK005,Diesel,San Francisco,89,3887,1.38,5364.06,DRV001,6.5,917.0,4447.06
0325,2023-05-27,CUST321,TRK002,Gasoline,Sacramento,291,5086,1.48,7527.28,DRV004,6.4,1513.0,6014.28
0326,2023-01-04,CUST789,TRK003,Diesel,San Francisco,187,3261,1.4,4565.4,DRV001,2.6,821.0,3744.4
0327,2023-02-04,CUST456,TRK005,Diesel,Los Angeles,394,5180,1.19,6164.2,DRV002,7.5,1932.0,4232.2
0328,2023-07-11,CUST654,TRK005,Gasoline,San Francisco,229,3841,1.46,5607.86,DRV001,5.1,1197.0,4410.86
0329,2023-02-18,CUST654,TRK002,Diesel,San Francisco,249,7040,1.17,8236.8,DRV001,3.7,1117.0,7119.8
0330,2023-01-17,CUST789,TRK002,Gasoline,Sacramento,252,4560,1.47,6703.2,DRV001,4.5,1206.0,5497.2
0331,2023-06-21,CUST789,TRK005,Diesel,San Diego,110,5758,1.31,7542.98,DRV003,5.2,850.0,6692.98
0332,2023-08-08,CUST321,TRK001,Gasoline,Los Angeles,241,1626,1.74,2829.24,DRV003,4.9,1213.0,1616.24
0333,2023-06-07,CUST123,TRK005,Diesel,Sacramento,54,6014,1.13,6795.82,DRV004,4.4,602.0,6193.82
0334,2023-02-15,CUST789,TRK005,Diesel,San Francisco,427,2375,1.38,3277.5,DRV002,4.5,1731.0,1546.5
0335,2023-01-06,CUST789,TRK002,Gasoline,San Francisco,286,2181,1.66,3620.46,DRV001,2.2,1078.0,2542.46
0336,2023-04-09,CUST456,TRK002,Diesel,San Diego,230,6708,1.45,9726.6,DRV001,6.7,1360.0,8366.6
0337,2023-08-21,CUST654,TRK005,Diesel,Los Angeles,360,1490,1.2,1788.0,DRV001,4.8,1560.0,228.0
0338,2023-02-06,CUST123,TRK005,Gasoline,Los Angeles,86,4729,1.58,7471.82,DRV001,1.9,448.0,7023.82
0339,2023-10-07,CUST456,TRK005,Diesel,Las Vegas,105,6974,1.47,10251.78,DRV003,6.4,955.0,9296.78
0340,2023-12-15,CUST321,TRK002,Gasoline,Los Angeles,492,4534,1.66,7526.44,DRV004,7.5,2226.0,5300.44
0341,2023-10-29,CUST321,TRK005,Diesel,San Diego,286,4296,1.26,5412.96,DRV005,7.6,1618.0,3794.96
0342,2023-06-30,CUST789,TRK005,Diesel,Las Vegas,407,2940,1.15,3381.0,DRV002,3.6,1581.0,1800.0
0343,2023-04-05,CUST789,TRK004,Diesel,Las Vegas,398,6014,1.2,7216.8,DRV001,1.9,1384.0,5832.8
0344,2023-04-09,CUST321,TRK001,Diesel,San Francisco,246,2882,1.33,3833.06,DRV004,4.6,1198.0,2635.06
0345,2023-07-07,CUST789,TRK003,Gasoline,San Francisco,122,5908,1.69,9984.52,DRV005,1.8,546.0,9438.52
0346,2023-04-26,CUST123,TRK001,Diesel,Los Angeles,108,3987,1.15,4585.05,DRV004,7.5,1074.0,3511.05
0347,2023-07-10,CUST789,TRK004,Gasoline,Las Vegas,289,6585,1.64,10799.4,DRV003,2.3,1097.0,9702.4
0348,2023-09-10,CUST654,TRK003,Diesel,San Francisco,51,4159,1.32,5489.88,DRV005,2.8,433.0,5056.88
0349,2023-06-10,CUST789,TRK005,Diesel,San Diego,498,5530,1.31,7244.3,DRV004,3.8,1874.0,5370.3
0350,2023-09-13,CUST456,TRK004,Diesel,San Francisco,409,1681,1.38,2319.78,DRV003,3.7,1597.0,722.78
0351,2023-11-19,CUST123,TRK005,Diesel,San Francisco,237,6254,1.43,8943.22,DRV004,6.6,1371.0,7572.22
0352,2023-05-08,CUST456,TRK002,Gasoline,Las Vegas,356,2073,1.53,3171.69,DRV004,4.2,1488.0,1683.69
0353,2023-01-18,CUST456,TRK004,Gasoline,Las Vegas,79,3387,1.76,5961.12,DRV005,2.2,457.0,5504.12
0354,2023-10-08,CUST654,TRK002,Gasoline,Sacramento,316,3693,1.46,5391.78,DRV003,2.9,1238.0,4153.78
0355,2023-08-11,CUST123,TRK004,Gasoline,San Diego,157,5340,1.47,7849.8,DRV001,4.6,931.0,6918.8
0356,2023-02-23,CUST123,TRK004,Diesel,Las Vegas,381,3156,1.21,3818.76,DRV002,2.0,1343.0,2475.76
0357,2023-02-27,CUST123,TRK002,Gasoline,Los Angeles,472,8966,1.45,13000.7,DRV005,5.3,1946.0,11054.7
0358,2023-11-19,CUST123,TRK003,Gasoline,San Diego,139,3580,1.49,5334.2,DRV003,5.0,917.0,4417.2
0359,2023-12-26,CUST123,TRK001,Diesel,San Diego,254,8257,1.14,9412.98,DRV004,6.0,1362.0,8050.98
0360,2023-06-23,CUST654,TRK005,Diesel,Las Vegas,428,3159,1.43,4517.37,DRV003,7.6,2044.0,2473.37
0361,2023-10-07,CUST789,TRK004,Diesel,San Diego,496,7772,1.16,9015.52,DRV002,7.4,2228.0,6787.52
0362,2023-04-24,CUST456,TRK005,Diesel,Las Vegas,497,2627,1.4,3677.8,DRV002,7.6,2251.0,1426.8
0363,2023-10-15,CUST123,TRK002,Gasoline,San Francisco,494,9219,1.42,13090.98,DRV001,2.7,1752.0,11338.98
0364,2023-12-08,CUST789,TRK005,Gasoline,Sacramento,430,8080,1.78,14382.4,DRV001,1.9,1480.0,12902.4
0365,2023-05-31,CUST789,TRK002,Diesel,San Francisco,487,2985,1.38,4119.3,DRV002,3.1,1771.0,2348.3
0366,2023-05-07,CUST456,TRK005,Diesel,Las Vegas,269,9488,1.1,10436.8,DRV005,7.3,1537.0,8899.8
0367,2023-06-04,CUST654,TRK001,Diesel,Las Vegas,427,3181,1.41,4485.21,DRV005,7.8,2061.0,2424.21
0368,2023-09-30,CUST321,TRK001,Gasoline,San Francisco,143,3296,1.61,5306.56,DRV004,7.0,1129.0,4177.56
0369,2023-04-14,CUST321,TRK001,Gasoline,Los Angeles,152,8164,1.71,13960.44,DRV001,1.8,636.0,13324.44
0370,2023-10-26,CUST789,TRK001,Diesel,Los Angeles,272,3597,1.31,4712.07,DRV004,7.6,1576.0,3136.07
0371,2023-09-03,CUST456,TRK001,Diesel,Los Angeles,235,1901,1.36,2585.36,DRV001,4.0,1105.0,1480.36
0372,2023-06-25,CUST321,TRK001,Gasoline,Las Vegas,233,7060,1.71,12072.6,DRV002,1.1,809.0,11263.6
0373,2023-02-08,CUST789,TRK002,Diesel,San Diego,211,2677,1.26,3373.02,DRV005,4.1,1043.0,2330.02
0374,2023-06-19,CUST654,TRK004,Diesel,Las Vegas,296,3881,1.1,4269.1,DRV005,1.3,1018.0,3251.1
0375,2023-09-04,CUST321,TRK005,Gasoline,San Diego,80,6622,1.74,11522.28,DRV002,4.8,720.0,10802.28
0376,2023-01-26,CUST789,TRK001,Diesel,San Francisco,101,9052,1.25,11315.0,DRV004,3.4,643.0,10672.0
0377,2023-12-21,CUST789,TRK002,Gasoline,Sacramento,394,2378,1.6,3804.8,DRV004,4.3,1612.0,2192.8
0378,2023-11-02,CUST123,TRK002,Diesel,San Diego,125,2248,1.1,2472.8,DRV003,5.3,905.0,1567.8
0379,2023-01-13,CUST654,TRK002,Diesel,Los Angeles,434,6650,1.3,8645.0,DRV001,7.1,2012.0,6633.0
0380,2023-11-12,CUST123,TRK004,Gasoline,Las Vegas,488,7079,1.79,12671.41,DRV004,5.6,2024.0,10647.41
0381,2023-11-09,CUST456,TRK005,Gasoline,San Francisco,327,8036,1.51,12134.36,DRV002,4.0,1381.0,10753.36
0382,2023-02-05,CUST123,TRK004,Diesel,Los Angeles,89,7487,1.26,9433.62,DRV004,6.7,937.0,8496.62
0383,2023-06-22,CUST123,TRK003,Gasoline,San Francisco,150,2058,1.67,3436.86,DRV005,7.3,1180.0,2256.86
0384,2023-01-20,CUST321,TRK002,Diesel,Sacramento,160,3048,1.43,4358.64,DRV001,1.8,660.0,3698.64
0385,2023-11-17,CUST789,TRK003,Diesel,Las Vegas,434,7115,1.27,9036.05,DRV003,4.7,1772.0,7264.05
0386,2023-09-21,CUST654,TRK001,Gasoline,Las Vegas,370,5248,1.52,7976.96,DRV001,3.0,1410.0,6566.96
0387,2023-05-22,CUST123,TRK001,Diesel,Sacramento,298,3476,1.48,5144.48,DRV005,1.3,1024.0,4120.48
0388,2023-05-23,CUST654,TRK004,Diesel,Las Vegas,240,5603,1.37,7676.11,DRV005,5.7,1290.0,6386.11
0389,2023-04-02,CUST123,TRK005,Gasoline,San Diego,231,4553,1.45,6601.85,DRV005,7.0,1393.0,5208.85
0390,2023-12-20,CUST456,TRK003,Gasoline,San Francisco,475,1220,1.43,1744.6,DRV005,2.1,1635.0,109.6
0391,2023-11-18,CUST123,TRK005,Diesel,Los Angeles,454,5818,1.29,7505.22,DRV002,6.7,2032.0,5473.22
0392,2023-10-15,CUST321,TRK004,Gasoline,Sacramento,384,8192,1.49,12206.08,DRV003,7.0,1852.0,10354.08
0393,2023-08-03,CUST789,TRK001,Gasoline,San Diego,258,5623,1.5,8434.5,DRV005,7.4,1514.0,6920.5
0394,2023-12-08,CUST456,TRK005,Gasoline,Los Angeles,71,8349,1.75,14610.75,DRV005,2.9,503.0,14107.75
0395,2023-02-20,CUST123,TRK005,Gasoline,Los Angeles,215,6618,1.44,9529.92,DRV004,7.3,1375.0,8154.92
0396,2023-06-02,CUST654,TRK001,Diesel,Sacramento,148,8209,1.39,11410.51,DRV003,3.2,764.0,10646.51
0397,2023-07-05,CUST456,TRK003,Diesel,San Diego,257,5576,1.21,6746.96,DRV001,4.9,1261.0,5485.96
0398,2023-03-04,CUST456,TRK001,Diesel,Los Angeles,57,2871,1.4,4019.4,DRV003,1.4,311.0,3708.4
0399,2023-07-09,CUST123,TRK005,Gasoline,Los Angeles,239,8915,1.69,15066.35,DRV003,1.3,847.0,14219.35
0400,2023-05-05,CUST456,TRK003,Gasoline,San Diego,224,2462,1.4,3446.8,DRV003,6.0,1272.0,2174.8
0401,2023-05-30,CUST654,TRK003,Gasoline,Las Vegas,322,6521,1.6,10433.6,DRV005,4.1,1376.0,9057.6
0402,2023-11-10,CUST456,TRK001,Gasoline,Los Angeles,66,9536,1.46,13922.56,DRV005,2.8,478.0,13444.56
0403,2023-02-27,CUST654,TRK005,Gasoline,San Francisco,139,9236,1.75,16163.0,DRV002,2.3,647.0,15516.0
0404,2023-12-08,CUST123,TRK004,Gasoline,San Diego,190,8813,1.75,15422.75,DRV001,5.7,1140.0,14282.75
0405,2023-11-01,CUST789,TRK005,Gasoline,Los Angeles,194,3068,1.57,4816.76,DRV004,1.0,682.0,4134.76
0406,2023-06-29,CUST456,TRK002,Diesel,Sacramento,215,6753,1.28,8643.84,DRV003,6.6,1305.0,7338.84
0407,2023-06-19,CUST789,TRK004,Diesel,San Francisco,386,8237,1.22,10049.14,DRV001,1.6,1318.0,8731.14
0408,2023-11-22,CUST654,TRK003,Gasoline,Los Angeles,127,8016,1.69,13547.04,DRV001,2.3,611.0,12936.04
0409,2023-09-28,CUST456,TRK004,Gasoline,San Francisco,478,7191,1.54,11074.14,DRV002,3.7,1804.0,9270.14
0410,2023-02-23,CUST321,TRK003,Gasoline,San Francisco,311,2514,1.51,3796.14,DRV004,4.4,1373.0,2423.14
0411,2023-04-11,CUST789,TRK003,Diesel,Las Vegas,212,3598,1.27,4569.46,DRV003,3.5,986.0,3583.46
0412,2023-09-21,CUST456,TRK004,Diesel,San Francisco,415,2001,1.14,2281.14,DRV004,3.2,1565.0,716.14
0413,2023-02-22,CUST789,TRK003,Gasoline,Las Vegas,63,2033,1.7,3456.1,DRV002,7.7,959.0,2497.1
0414,2023-03-01,CUST456,TRK003,Gasoline,San Diego,288,7899,1.41,11137.59,DRV005,5.5,1414.0,9723.59
0415,2023-04-18,CUST123,TRK002,Diesel,Las Vegas,121,9465,1.36,12872.4,DRV001,1.2,483.0,12389.4
0416,2023-01-05,CUST789,TRK005,Diesel,Sacramento,494,6051,1.17,7079.67,DRV003,4.0,1882.0,5197.67
0417,2023-04-13,CUST321,TRK005,Diesel,Los Angeles,192,5476,1.19,6516.44,DRV005,7.1,1286.0,5230.44
0418,2023-07-15,CUST321,TRK002,Diesel,San Diego,359,1478,1.35,1995.3,DRV002,3.1,1387.0,608.3
0419,2023-09-19,CUST654,TRK004,Gasoline,San Diego,332,1515,1.8,2727.0,DRV004,1.7,1166.0,1561.0
0420,2023-12-31,CUST456,TRK001,Diesel,Sacramento,318,2191,1.41,3089.31,DRV001,6.3,1584.0,1505.31
0421,2023-12-16,CUST789,TRK001,Diesel,Las Vegas,290,7297,1.19,8683.43,DRV003,5.2,1390.0,7293.43
0422,2023-02-16,CUST654,TRK001,Gasoline,Los Angeles,464,1271,1.47,1868.37,DRV005,5.0,1892.0,-23.63
0423,2023-12-21,CUST789,TRK002,Diesel,Las Vegas,294,9334,1.45,13534.3,DRV005,1.4,1022.0,12512.3
0424,2023-11-07,CUST456,TRK002,Diesel,San Francisco,212,8778,1.28,11235.84,DRV001,2.0,836.0,10399.84
0425,2023-11-04,CUST321,TRK003,Diesel,Las Vegas,109,7008,1.15,8059.2,DRV004,5.4,867.0,7192.2
0426,2023-05-24,CUST123,TRK001,Gasoline,San Diego,55,8987,1.74,15637.38,DRV002,2.5,415.0,15222.38
0427,2023-09-26,CUST321,TRK004,Diesel,Los Angeles,246,4332,1.43,6194.76,DRV004,4.5,1188.0,5006.76
0428,2023-05-04,CUST654,TRK004,Gasoline,Las Vegas,107,1787,1.79,3198.73,DRV004,4.8,801.0,2397.73
0429,2023-04-16,CUST123,TRK001,Gasoline,Los Angeles,354,7222,1.76,12710.72,DRV004,3.0,1362.0,11348.72
0430,2023-06-07,CUST654,TRK001,Diesel,Los Angeles,456,1622,1.44,2335.68,DRV001,7.6,2128.0,207.68
0431,2023-05-27,CUST456,TRK001,Diesel,San Francisco,266,4841,1.12,5421.92,DRV001,6.9,1488.0,3933.92
0432,2023-05-25,CUST123,TRK002,Diesel,San Francisco,467,4676,1.14,5330.64,DRV002,6.1,2011.0,3319.64
0433,2023-04-30,CUST654,TRK002,Diesel,San Diego,75,3572,1.33,4750.76,DRV004,1.5,375.0,4375.76
0434,2023-11-15,CUST456,TRK002,Gasoline,Sacramento,352,7915,1.61,12743.15,DRV001,1.7,1226.0,11517.15
0435,2023-10-02,CUST321,TRK005,Diesel,Los Angeles,54,6033,1.28,7722.24,DRV002,4.4,602.0,7120.24
0436,2023-04-02,CUST456,TRK004,Diesel,Sacramento,69,8788,1.26,11072.88,DRV002,2.1,417.0,10655.88
0437,2023-02-27,CUST789,TRK004,Diesel,San Diego,439,6214,1.27,7891.78,DRV004,7.8,2097.0,5794.78
0438,2023-12-12,CUST456,TRK003,Gasoline,Los Angeles,247,5712,1.63,9310.56,DRV003,2.1,951.0,8359.56
0439,2023-08-17,CUST456,TRK002,Diesel,Los Angeles,108,1066,1.1,1172.6,DRV004,4.4,764.0,408.6
0440,2023-04-27,CUST789,TRK005,Diesel,Sacramento,497,8533,1.2,10239.6,DRV003,3.5,1841.0,8398.6
0441,2023-11-14,CUST654,TRK005,Gasoline,Las Vegas,291,5616,1.61,9041.76,DRV002,5.5,1423.0,7618.76
0442,2023-10-06,CUST654,TRK004,Gasoline,San Francisco,195,2140,1.69,3616.6,DRV001,1.9,775.0,2841.6
0443,2023-05-07,CUST456,TRK002,Diesel,Las Vegas,437,6730,1.17,7874.1,DRV005,4.0,1711.0,6163.1
0444,2023-05-09,CUST789,TRK003,Diesel,Sacramento,322,8465,1.32,11173.8,DRV002,2.9,1256.0,9917.8
0445,2023-02-27,CUST789,TRK002,Diesel,San Francisco,298,5471,1.39,7604.69,DRV001,7.2,1614.0,5990.69
0446,2023-05-02,CUST321,TRK001,Diesel,Las Vegas,63,4339,1.28,5553.92,DRV002,1.3,319.0,5234.92
0447,2023-01-01,CUST654,TRK002,Diesel,San Francisco,62,1548,1.11,1718.28,DRV004,7.4,926.0,792.28
0448,2023-08-27,CUST123,TRK001,Gasoline,Los Angeles,440,8675,1.58,13706.5,DRV003,6.8,2000.0,11706.5
0449,2023-10-17,CUST654,TRK001,Gasoline,Las Vegas,433,9264,1.52,14081.28,DRV002,3.1,1609.0,12472.28
0450,2023-04-06,CUST654,TRK003,Diesel,San Francisco,93,1198,1.47,1761.06,DRV001,6.5,929.0,832.06
0451,2023-05-06,CUST321,TRK004,Diesel,San Francisco,424,1571,1.15,1806.65,DRV004,1.2,1392.0,414.65
0452,2023-04-28,CUST123,TRK002,Gasoline,San Francisco,448,1790,1.66,2971.4,DRV005,7.8,2124.0,847.4
0453,2023-02-17,CUST321,TRK001,Diesel,Las Vegas,68,2174,1.12,2434.88,DRV004,4.7,674.0,1760.88
0454,2023-03-30,CUST123,TRK002,Diesel,San Diego,112,1178,1.28,1507.84,DRV003,3.1,646.0,861.84
0455,2023-08-25,CUST456,TRK004,Diesel,Las Vegas,288,3244,1.32,4282.08,DRV004,3.5,1214.0,3068.08
0456,2023-09-29,CUST123,TRK004,Diesel,Sacramento,468,5086,1.22,6204.92,DRV005,1.5,1554.0,4650.92
0457,2023-07-08,CUST321,TRK005,Diesel,Las Vegas,386,1734,1.28,2219.52,DRV001,7.9,1948.0,271.52
0458,2023-07-11,CUST654,TRK004,Gasoline,San Francisco,468,7232,1.47,10631.04,DRV002,1.3,1534.0,9097.04
0459,2023-03-10,CUST123,TRK003,Diesel,Los Angeles,452,1798,1.22,2193.56,DRV003,5.6,1916.0,277.56
0460,2023-10-05,CUST123,TRK001,Diesel,Las Vegas,453,8601,1.35,11611.35,DRV005,4.1,1769.0,9842.35
0461,2023-12-15,CUST789,TRK005,Diesel,Las Vegas,149,9979,1.22,12174.38,DRV003,7.6,1207.0,10967.38
0462,2023-09-04,CUST654,TRK003,Gasoline,San Francisco,212,3795,1.76,6679.2,DRV004,2.7,906.0,5773.2
0463,2023-03-17,CUST456,TRK002,Gasoline,Los Angeles,465,5588,1.65,9220.2,DRV003,4.7,1865.0,7355.2
0464,2023-06-03,CUST321,TRK001,Gasoline,Los Angeles,171,8297,1.58,13109.26,DRV005,4.4,953.0,12156.26
0465,2023-05-24,CUST456,TRK004,Gasoline,Sacramento,481,4084,1.42,5799.28,DRV002,5.9,2033.0,3766.28
0466,2023-03-27,CUST654,TRK001,Diesel,Las Vegas,93,1731,1.3,2250.3,DRV002,1.5,429.0,1821.3
0467,2023-07-04,CUST123,TRK002,Gasoline,Los Angeles,409,2129,1.71,3640.59,DRV003,2.4,1467.0,2173.59
0468,2023-10-12,CUST123,TRK005,Diesel,Los Angeles,457,2605,1.21,3152.05,DRV001,2.5,1621.0,1531.05
0469,2023-08-08,CUST654,TRK005,Diesel,San Diego,366,3933,1.42,5584.86,DRV003,6.2,1718.0,3866.86
0470,2023-03-10,CUST123,TRK005,Gasoline,San Diego,430,9516,1.5,14274.0,DRV004,2.3,1520.0,12754.0
0471,2023-02-16,CUST123,TRK004,Gasoline,Los Angeles,194,6074,1.73,10508.02,DRV002,5.0,1082.0,9426.02
0472,2023-04-04,CUST123,TRK003,Gasoline,Sacramento,376,8099,1.43,11581.57,DRV002,2.5,1378.0,10203.57
0473,2023-08-26,CUST321,TRK003,Gasoline,Los Angeles,412,2490,1.75,4357.5,DRV002,7.0,1936.0,2421.5
0474,2023-07-23,CUST321,TRK001,Gasoline,San Francisco,99,1893,1.6,3028.8,DRV001,7.6,1057.0,1971.8
0475,2023-08-06,CUST789,TRK004,Diesel,Las Vegas,114,2390,1.22,2915.8,DRV001,4.6,802.0,2113.8
0476,2023-12-07,CUST456,TRK005,Gasoline,Sacramento,404,4389,1.51,6627.39,DRV005,3.5,1562.0,5065.39
0477,2023-02-08,CUST654,TRK005,Gasoline,San Francisco,337,5239,1.57,8225.23,DRV003,2.6,1271.0,6954.23
0478,2023-04-10,CUST654,TRK002,Gasoline,Sacramento,213,5479,1.8,9862.2,DRV003,1.3,769.0,9093.2
0479,2023-10-16,CUST654,TRK002,Diesel,San Francisco,190,3263,1.19,3882.97,DRV004,2.9,860.0,3022.97
0480,2023-09-11,CUST789,TRK005,Gasoline,Las Vegas,363,4432,1.44,6382.08,DRV002,5.6,1649.0,4733.08
0481,2023-08-10,CUST321,TRK005,Diesel,Las Vegas,177,3371,1.33,4483.43,DRV001,4.7,1001.0,3482.43
0482,2023-12-23,CUST789,TRK004,Gasoline,San Diego,447,5312,1.6,8499.2,DRV004,7.6,2101.0,6398.2
0483,2023-01-23,CUST654,TRK003,Gasoline,San Francisco,470,2515,1.61,4049.15,DRV004,3.8,1790.0,2259.15
0484,2023-09-07,CUST456,TRK002,Diesel,San Diego,417,7326,1.37,10036.62,DRV001,5.9,1841.0,8195.62
0485,2023-01-10,CUST123,TRK003,Gasoline,San Francisco,288,8088,1.51,12212.88,DRV003,4.4,1304.0,10908.88
0486,2023-09-03,CUST321,TRK004,Diesel,San Diego,373,6586,1.46,9615.56,DRV002,4.6,1579.0,8036.56
0487,2023-11-21,CUST321,TRK005,Diesel,Las Vegas,345,3917,1.27,4974.59,DRV003,2.9,1325.0,3649.59
0488,2023-04-10,CUST789,TRK003,Diesel,Sacramento,236,6731,1.15,7740.65,DRV004,4.2,1128.0,6612.65
0489,2023-10-17,CUST321,TRK005,Gasoline,San Diego,257,8686,1.7,14766.2,DRV002,4.3,1201.0,13565.2
0490,2023-06-29,CUST654,TRK005,Gasoline,San Francisco,269,2167,1.66,3597.22,DRV005,5.9,1397.0,2200.22
0491,2023-08-11,CUST654,TRK001,Gasoline,San Francisco,449,9302,1.53,14232.06,DRV004,7.6,2107.0,12125.06
0492,2023-09-07,CUST789,TRK003,Diesel,Las Vegas,239,6109,1.35,8247.15,DRV003,3.3,1047.0,7200.15
0493,2023-05-27,CUST654,TRK003,Gasoline,San Francisco,437,5327,1.49,7937.23,DRV003,1.3,1441.0,6496.23
0494,2023-04-06,CUST456,TRK005,Diesel,Los Angeles,478,6810,1.28,8716.8,DRV003,4.5,1884.0,6832.8
0495,2023-09-14,CUST789,TRK004,Gasoline,Sacramento,395,4655,1.76,8192.8,DRV001,4.8,1665.0,6527.8
0496,2023-11-21,CUST456,TRK001,Diesel,San Diego,333,4793,1.15,5511.95,DRV004,2.2,1219.0,4292.95
0497,2023-01-04,CUST123,TRK005,Diesel,Sacramento,401,7738,1.25,9672.5,DRV002,6.3,1833.0,7839.5
0498,2023-01-16,CUST456,TRK002,Diesel,Las Vegas,286,2577,1.43,3685.11,DRV003,7.9,1648.0,2037.11
0499,2023-10-07,CUST123,TRK002,Gasoline,San Diego,243,3220,1.79,5763.8,DRV003,7.6,1489.0,4274.8
0500,2023-12-02,CUST123,TRK001,Diesel,San Diego,336,2030,1.28,2598.4,DRV001,2.4,1248.0,1350.4
0501,2023-09-04,CUST456,TRK004,Diesel,Los Angeles,308,7691,1.3,9998.3,DRV002,7.1,1634.0,8364.3
0502,2023-09-15,CUST789,TRK005,Diesel,Las Vegas,295,4992,1.33,6639.36,DRV004,5.9,1475.0,5164.36
0503,2023-06-09,CUST654,TRK003,Diesel,San Francisco,185,1913,1.47,2812.11,DRV005,4.2,975.0,1837.11
0504,2023-12-06,CUST654,TRK001,Diesel,Los Angeles,329,7358,1.44,10595.52,DRV001,4.8,1467.0,9128.52
0505,2023-06-01,CUST123,TRK004,Diesel,Los Angeles,320,3181,1.17,3721.77,DRV004,6.9,1650.0,2071.77
0506,2023-06-27,CUST123,TRK003,Gasoline,Sacramento,220,4197,1.57,6589.29,DRV005,4.4,1100.0,5489.29
0507,2023-06-12,CUST789,TRK002,Gasoline,Sacramento,208,7040,1.59,11193.6,DRV003,3.6,984.0,10209.6
0508,2023-02-02,CUST321,TRK002,Diesel,Sacramento,250,2462,1.42,3496.04,DRV003,4.5,1200.0,2296.04
0509,2023-06-28,CUST456,TRK003,Gasoline,Los Angeles,94,8037,1.64,13180.68,DRV002,5.1,792.0,12388.68
0510,2023-04-11,CUST123,TRK001,Gasoline,San Francisco,499,5994,1.66,9950.04,DRV005,2.3,1727.0,8223.04
0511,2023-09-25,CUST654,TRK002,Diesel,San Diego,313,6308,1.5,9462.0,DRV003,7.3,1669.0,7793.0
0512,2023-11-19,CUST789,TRK005,Diesel,Sacramento,120,7221,1.13,8159.73,DRV003,5.7,930.0,7229.73
0513,2023-03-06,CUST456,TRK003,Diesel,San Francisco,413,8090,1.19,9627.1,DRV002,5.4,1779.0,7848.1
0514,2023-06-17,CUST789,TRK003,Gasoline,Las Vegas,420,8769,1.56,13679.64,DRV004,1.7,1430.0,12249.64
0515,2023-11-26,CUST456,TRK002,Diesel,Sacramento,152,1687,1.24,2091.88,DRV003,5.2,976.0,1115.88
0516,2023-02-12,CUST456,TRK001,Gasoline,San Diego,174,5661,1.41,7982.01,DRV001,1.8,702.0,7280.01
0517,2023-02-13,CUST123,TRK005,Diesel,Las Vegas,362,2894,1.14,3299.16,DRV001,1.6,1246.0,2053.16
0518,2023-10-12,CUST789,TRK001,Gasoline,Las Vegas,335,8389,1.67,14009.63,DRV004,4.7,1475.0,12534.63
0519,2023-01-12,CUST789,TRK004,Diesel,San Diego,279,5922,1.45,8586.9,DRV005,3.8,1217.0,7369.9
0520,2023-04-05,CUST654,TRK004,Diesel,Sacramento,195,7322,1.31,9591.82,DRV002,5.1,1095.0,8496.82
0521,2023-10-29,CUST654,TRK002,Gasoline,Los Angeles,419,4183,1.62,6776.46,DRV001,1.6,1417.0,5359.46
0522,2023-09-10,CUST123,TRK002,Gasoline,San Diego,246,4797,1.5,7195.5,DRV001,4.0,1138.0,6057.5
0523,2023-08-30,CUST123,TRK002,Gasoline,San Diego,422,6178,1.71,10564.38,DRV004,2.2,1486.0,9078.38
0524,2023-02-04,CUST321,TRK004,Gasoline,San Diego,270,4968,1.7,8445.6,DRV005,7.9,1600.0,6845.6
0525,2023-08-03,CUST654,TRK001,Gasoline,Las Vegas,472,3716,1.64,6094.24,DRV005,4.9,1906.0,4188.24
0526,2023-12-03,CUST456,TRK001,Gasoline,San Francisco,109,1190,1.49,1773.1,DRV004,5.8,907.0,866.1
0527,2023-03-31,CUST789,TRK002,Diesel,Los Angeles,147,2335,1.14,2661.9,DRV001,3.3,771.0,1890.9
0528,2023-09-21,CUST123,TRK005,Gasoline,Sacramento,220,9181,1.43,13128.83,DRV002,1.7,830.0,12298.83
0529,2023-04-03,CUST789,TRK001,Diesel,Sacramento,431,1378,1.34,1846.52,DRV001,7.8,2073.0,-226.48
0530,2023-03-31,CUST789,TRK004,Diesel,San Francisco,222,4829,1.43,6905.47,DRV005,3.0,966.0,5939.47
0531,2023-04-25,CUST321,TRK003,Gasoline,San Diego,200,7380,1.74,12841.2,DRV001,4.0,1000.0,11841.2
0532,2023-04-15,CUST654,TRK003,Diesel,Los Angeles,399,1615,1.29,2083.35,DRV002,5.5,1747.0,336.35
0533,2023-07-15,CUST123,TRK003,Gasoline,Sacramento,439,3330,1.71,5694.3,DRV003,1.2,1437.0,4257.3
0534,2023-11-10,CUST789,TRK005,Gasoline,Sacramento,489,2754,1.78,4902.12,DRV001,6.7,2137.0,2765.12
0535,2023-04-24,CUST123,TRK002,Diesel,San Diego,171,1463,1.21,1770.23,DRV004,4.8,993.0,777.23
0536,2023-03-16,CUST456,TRK004,Diesel,San Francisco,157,5267,1.26,6636.42,DRV003,2.9,761.0,5875.42
0537,2023-08-05,CUST321,TRK005,Gasoline,Los Angeles,53,4158,1.77,7359.66,DRV004,1.4,299.0,7060.66
0538,2023-10-04,CUST456,TRK004,Gasoline,San Francisco,142,4624,1.54,7120.96,DRV004,2.1,636.0,6484.96
0539,2023-09-06,CUST123,TRK004,Diesel,San Francisco,456,5938,1.47,8728.86,DRV004,7.3,2098.0,6630.86
0540,2023-06-13,CUST123,TRK002,Diesel,Los Angeles,55,6417,1.49,9561.33,DRV001,5.8,745.0,8816.33
0541,2023-12-23,CUST654,TRK003,Diesel,Los Angeles,337,7004,1.36,9525.44,DRV005,2.7,1281.0,8244.44
0542,2023-07-11,CUST789,TRK002,Diesel,Sacramento,155,9881,1.43,14129.83,DRV003,1.5,615.0,13514.83
0543,2023-08-15,CUST789,TRK005,Gasoline,Sacramento,195,6603,1.7,11225.1,DRV002,5.8,1165.0,10060.1
0544,2023-06-26,CUST456,TRK005,Gasoline,Los Angeles,320,3212,1.68,5396.16,DRV005,5.0,1460.0,3936.16
0545,2023-04-09,CUST321,TRK005,Gasoline,Las Vegas,473,7120,1.52,10822.4,DRV001,3.8,1799.0,9023.4
0546,2023-02-05,CUST789,TRK002,Gasoline,Sacramento,427,6818,1.42,9681.56,DRV004,3.5,1631.0,8050.56
0547,2023-04-06,CUST654,TRK004,Diesel,Las Vegas,145,1382,1.24,1713.68,DRV002,2.5,685.0,1028.68
0548,2023-06-01,CUST456,TRK004,Diesel,Los Angeles,278,3256,1.37,4460.72,DRV003,5.7,1404.0,3056.72
0549,2023-05-31,CUST456,TRK001,Gasoline,Sacramento,251,2412,1.44,3473.28,DRV005,7.8,1533.0,1940.28
0550,2023-07-09,CUST654,TRK005,Gasoline,San Francisco,261,7146,1.4,10004.4,DRV005,2.2,1003.0,9001.4
0551,2023-08-12,CUST321,TRK004,Gasoline,Los Angeles,55,1371,1.46,2001.66,DRV002,5.2,685.0,1316.66
0552,2023-02-06,CUST654,TRK001,Gasoline,San Diego,161,6806,1.69,11502.14,DRV001,4.0,883.0,10619.14
0553,2023-09-25,CUST321,TRK004,Gasoline,Las Vegas,425,6565,1.79,11751.35,DRV003,4.1,1685.0,10066.35
0554,2023-07-02,CUST654,TRK005,Gasoline,Los Angeles,428,9802,1.79,17545.58,DRV002,2.8,1564.0,15981.58
0555,2023-01-13,CUST654,TRK003,Gasoline,Los Angeles,496,9307,1.6,14891.2,DRV004,6.8,2168.0,12723.2
0556,2023-10-06,CUST123,TRK005,Gasoline,Sacramento,372,8437,1.75,14764.75,DRV003,4.4,1556.0,13208.75
0557,2023-08-05,CUST456,TRK002,Gasoline,Sacramento,155,1446,1.69,2443.74,DRV005,4.8,945.0,1498.74
0558,2023-12-21,CUST654,TRK004,Diesel,Sacramento,188,2391,1.3,3108.3,DRV002,3.1,874.0,2234.3
0559,2023-12-27,CUST654,TRK004,Gasoline,San Diego,348,2340,1.63,3814.2,DRV005,2.3,1274.0,2540.2
0560,2023-10-13,CUST789,TRK002,Diesel,Sacramento,450,3939,1.15,4529.85,DRV005,1.6,1510.0,3019.85
0561,2023-09-30,CUST456,TRK002,Diesel,Los Angeles,145,6969,1.48,10314.12,DRV005,6.0,1035.0,9279.12
0562,2023-03-03,CUST789,TRK003,Gasoline,Sacramento,437,5813,1.54,8952.02,DRV001,2.4,1551.0,7401.02
0563,2023-03-25,CUST456,TRK004,Gasoline,San Francisco,496,4569,1.58,7219.02,DRV005,5.8,2068.0,5151.02
0564,2023-08-05,CUST789,TRK004,Diesel,Sacramento,386,6454,1.37,8841.98,DRV004,3.7,1528.0,7313.98
0565,2023-12-08,CUST654,TRK003,Diesel,San Diego,346,4150,1.23,5104.5,DRV004,3.9,1428.0,3676.5
0566,2023-07-06,CUST654,TRK001,Gasoline,San Francisco,438,7414,1.5,11121.0,DRV003,4.3,1744.0,9377.0
0567,2023-01-19,CUST123,TRK003,Diesel,Los Angeles,465,5657,1.35,7636.95,DRV005,3.6,1755.0,5881.95
0568,2023-06-26,CUST789,TRK005,Gasoline,Los Angeles,263,7947,1.41,11205.27,DRV005,1.7,959.0,10246.27
0569,2023-04-10,CUST321,TRK004,Gasoline,Las Vegas,340,8943,1.69,15113.67,DRV002,3.2,1340.0,13773.67
0570,2023-08-21,CUST123,TRK002,Gasoline,San Francisco,71,4662,1.61,7505.82,DRV001,5.6,773.0,6732.82
0571,2023-03-17,CUST789,TRK005,Diesel,Las Vegas,242,5482,1.34,7345.88,DRV003,5.7,1296.0,6049.88
0572,2023-09-22,CUST789,TRK004,Diesel,San Francisco,199,5797,1.35,7825.95,DRV005,3.0,897.0,6928.95
0573,2023-10-11,CUST123,TRK003,Gasoline,San Francisco,417,6068,1.61,9769.48,DRV002,4.2,1671.0,8098.48
0574,2023-07-25,CUST654,TRK005,Diesel,San Diego,296,6480,1.33,8618.4,DRV001,2.4,1128.0,7490.4
0575,2023-08-11,CUST789,TRK004,Diesel,Las Vegas,316,9033,1.37,12375.21,DRV003,2.5,1198.0,11177.21
0576,2023-02-21,CUST654,TRK001,Diesel,San Diego,300,1983,1.4,2776.2,DRV003,1.2,1020.0,1756.2
0577,2023-12-05,CUST123,TRK001,Diesel,San Francisco,52,6607,1.39,9183.73,DRV005,7.3,886.0,8297.73
0578,2023-05-24,CUST654,TRK002,Diesel,Los Angeles,442,9543,1.45,13837.35,DRV003,2.5,1576.0,12261.35
0579,2023-03-10,CUST456,TRK004,Diesel,San Francisco,365,2907,1.18,3430.26,DRV002,2.6,1355.0,2075.26
0580,2023-04-09,CUST321,TRK001,Diesel,San Diego,125,7924,1.26,9984.24,DRV003,3.0,675.0,9309.24
0581,2023-01-25,CUST789,TRK003,Gasoline,Las Vegas,136,9737,1.78,17331.86,DRV004,1.9,598.0,16733.86
0582,2023-02-22,CUST321,TRK004,Diesel,Las Vegas,319,5174,1.26,6519.24,DRV002,5.5,1507.0,5012.24
0583,2023-05-31,CUST654,TRK003,Diesel,San Diego,274,8265,1.15,9504.75,DRV001,1.5,972.0,8532.75
0584,2023-05-24,CUST789,TRK003,Diesel,Las Vegas,67,2990,1.31,3916.9,DRV001,1.9,391.0,3525.9
0585,2023-02-26,CUST654,TRK001,Diesel,Sacramento,162,6596,1.14,7519.44,DRV005,5.5,1036.0,6483.44
0586,2023-02-08,CUST456,TRK004,Diesel,Los Angeles,300,4998,1.18,5897.64,DRV005,3.4,1240.0,4657.64
0587,2023-04-19,CUST123,TRK005,Diesel,Los Angeles,282,4775,1.5,7162.5,DRV004,6.0,1446.0,5716.5
0588,2023-06-30,CUST789,TRK001,Diesel,Los Angeles,378,5645,1.32,7451.4,DRV001,4.9,1624.0,5827.4
0589,2023-02-11,CUST456,TRK001,Diesel,Las Vegas,328,3061,1.21,3703.81,DRV001,2.8,1264.0,2439.81
0590,2023-07-05,CUST456,TRK004,Gasoline,Las Vegas,251,5487,1.8,9876.6,DRV001,5.6,1313.0,8563.6
0591,2023-08-11,CUST789,TRK004,Diesel,San Francisco,132,5435,1.49,8098.15,DRV001,1.8,576.0,7522.15
0592,2023-05-02,CUST654,TRK003,Diesel,San Francisco,174,3644,1.28,4664.32,DRV003,4.8,1002.0,3662.32
0593,2023-05-13,CUST456,TRK004,Diesel,Los Angeles,224,2045,1.2,2454.0,DRV002,4.1,1082.0,1372.0
0594,2023-06-12,CUST321,TRK003,Diesel,Sacramento,118,8951,1.44,12889.44,DRV002,2.9,644.0,12245.44
0595,2023-08-03,CUST456,TRK001,Gasoline,San Francisco,96,7449,1.69,12588.81,DRV004,5.2,808.0,11780.81
0596,2023-08-09,CUST654,TRK002,Gasoline,San Francisco,421,3681,1.67,6147.27,DRV003,7.1,1973.0,4174.27
0597,2023-08-23,CUST654,TRK005,Gasoline,Las Vegas,305,4199,1.76,7390.24,DRV001,8.0,1715.0,5675.24
0598,2023-11-27,CUST321,TRK001,Gasoline,Sacramento,264,7768,1.68,13050.24,DRV001,5.3,1322.0,11728.24
0599,2023-05-26,CUST456,TRK004,Gasoline,Los Angeles,79,8440,1.51,12744.4,DRV005,3.8,617.0,12127.4
0600,2023-08-27,CUST654,TRK005,Gasoline,San Francisco,330,9633,1.68,16183.44,DRV005,2.6,1250.0,14933.44
0601,2023-03-17,CUST789,TRK002,Gasoline,Sacramento,461,3550,1.52,5396.0,DRV004,2.8,1663.0,3733.0
0602,2023-01-09,CUST123,TRK002,Gasoline,Sacramento,286,5225,1.7,8882.5,DRV001,4.4,1298.0,7584.5
0603,2023-03-15,CUST123,TRK003,Gasoline,Los Angeles,297,1596,1.65,2633.4,DRV004,3.6,1251.0,1382.4
0604,2023-09-10,CUST123,TRK005,Gasoline,Sacramento,417,7054,1.43,10087.22,DRV003,7.4,1991.0,8096.22
0605,2023-08-18,CUST456,TRK003,Gasoline,Sacramento,74,2505,1.61,4033.05,DRV002,3.6,582.0,3451.05
0606,2023-01-07,CUST321,TRK001,Gasoline,Sacramento,123,7468,1.54,11500.72,DRV001,3.6,729.0,10771.72
0607,2023-06-23,CUST654,TRK005,Gasoline,San Francisco,255,8236,1.53,12601.08,DRV003,3.7,1135.0,11466.08
0608,2023-05-21,CUST789,TRK001,Gasoline,Los Angeles,363,2551,1.64,4183.64,DRV001,6.9,1779.0,2404.64
0609,2023-06-17,CUST789,TRK003,Gasoline,Sacramento,143,7852,1.53,12013.56,DRV005,5.6,989.0,11024.56
0610,2023-06-19,CUST456,TRK005,Gasoline,Sacramento,424,2449,1.71,4187.79,DRV004,5.3,1802.0,2385.79
0611,2023-10-10,CUST123,TRK003,Diesel,San Francisco,176,6953,1.13,7856.89,DRV005,3.3,858.0,6998.89
0612,2023-05-02,CUST456,TRK005,Gasoline,Los Angeles,474,9456,1.66,15696.96,DRV002,6.7,2092.0,13604.96
0613,2023-07-13,CUST321,TRK003,Diesel,Las Vegas,74,9042,1.42,12839.64,DRV005,1.3,352.0,12487.64
0614,2023-01-05,CUST321,TRK002,Gasoline,San Francisco,383,3659,1.67,6110.53,DRV001,7.1,1859.0,4251.53
0615,2023-01-29,CUST654,TRK003,Gasoline,Los Angeles,404,8509,1.6,13614.4,DRV005,4.6,1672.0,11942.4
0616,2023-06-14,CUST654,TRK002,Diesel,Sacramento,165,8893,1.48,13161.64,DRV001,3.8,875.0,12286.64
0617,2023-12-05,CUST321,TRK003,Gasoline,Los Angeles,97,8445,1.52,12836.4,DRV002,4.5,741.0,12095.4
0618,2023-05-16,CUST321,TRK005,Diesel,Los Angeles,275,3721,1.11,4130.31,DRV005,5.7,1395.0,2735.31
0619,2023-12-31,CUST321,TRK005,Diesel,Los Angeles,315,3925,1.27,4984.75,DRV004,1.1,1055.0,3929.75
0620,2023-11-17,CUST456,TRK005,Diesel,Las Vegas,148,8104,1.11,8995.44,DRV004,7.1,1154.0,7841.44
0621,2023-12-08,CUST321,TRK004,Gasoline,Los Angeles,60,7240,1.78,12887.2,DRV004,4.1,590.0,12297.2
0622,2023-05-25,CUST789,TRK001,Gasoline,Las Vegas,134,1512,1.48,2237.76,DRV005,3.4,742.0,1495.76
0623,2023-11-23,CUST123,TRK005,Gasoline,Sacramento,454,1215,1.72,2089.8,DRV005,2.0,1562.0,527.8
0624,2023-08-05,CUST321,TRK002,Diesel,Las Vegas,263,8299,1.41,11701.59,DRV005,4.1,1199.0,10502.59
0625,2023-10-28,CUST123,TRK005,Diesel,Sacramento,222,4153,1.19,4942.07,DRV001,4.5,1116.0,3826.07
0626,2023-05-12,CUST456,TRK004,Gasoline,Sacramento,440,8450,1.65,13942.5,DRV002,3.8,1700.0,12242.5
0627,2023-10-19,CUST123,TRK002,Gasoline,Las Vegas,258,2706,1.42,3842.52,DRV004,5.8,1354.0,2488.52
0628,2023-03-11,CUST456,TRK004,Gasoline,San Francisco,497,2567,1.59,4081.53,DRV001,3.9,1881.0,2200.53
0629,2023-09-09,CUST789,TRK002,Gasoline,San Diego,431,2128,1.41,3000.48,DRV004,7.7,2063.0,937.48
0630,2023-10-02,CUST456,TRK003,Gasoline,Los Angeles,113,4510,1.77,7982.7,DRV001,5.2,859.0,7123.7
0631,2023-12-30,CUST456,TRK001,Diesel,San Diego,307,8867,1.49,13211.83,DRV005,6.7,1591.0,11620.83
0632,2023-07-01,CUST654,TRK001,Diesel,Los Angeles,381,3365,1.19,4004.35,DRV004,1.8,1323.0,2681.35
0633,2023-06-16,CUST321,TRK004,Diesel,Los Angeles,170,6583,1.18,7767.94,DRV005,3.8,890.0,6877.94
0634,2023-04-01,CUST321,TRK001,Gasoline,Sacramento,347,5897,1.7,10024.9,DRV004,3.4,1381.0,8643.9
0635,2023-07-21,CUST789,TRK004,Diesel,Los Angeles,103,6718,1.2,8061.6,DRV003,5.0,809.0,7252.6
0636,2023-12-12,CUST789,TRK004,Diesel,Los Angeles,380,7001,1.46,10221.46,DRV001,7.0,1840.0,8381.46
0637,2023-01-19,CUST321,TRK004,Diesel,Las Vegas,321,5567,1.33,7404.11,DRV003,1.5,1113.0,6291.11
0638,2023-02-08,CUST654,TRK001,Diesel,San Diego,290,3741,1.24,4638.84,DRV001,1.5,1020.0,3618.84
0639,2023-05-06,CUST321,TRK004,Diesel,Las Vegas,292,4020,1.43,5748.6,DRV002,7.0,1576.0,4172.6
0640,2023-06-22,CUST654,TRK001,Gasoline,Los Angeles,67,7256,1.6,11609.6,DRV004,2.5,451.0,11158.6
0641,2023-05-21,CUST789,TRK004,Diesel,Sacramento,236,1228,1.46,1792.88,DRV002,5.7,1278.0,514.88
0642,2023-08-30,CUST123,TRK005,Gasoline,Las Vegas,395,9362,1.77,16570.74,DRV002,4.8,1665.0,14905.74
0643,2023-08-08,CUST789,TRK004,Gasoline,Las Vegas,193,1294,1.47,1902.18,DRV001,6.8,1259.0,643.18
0644,2023-05-06,CUST789,TRK002,Gasoline,San Francisco,311,5284,1.4,7397.6,DRV003,1.9,1123.0,6274.6
0645,2023-02-27,CUST456,TRK004,Gasoline,Los Angeles,490,9617,1.79,17214.43,DRV005,1.9,1660.0,15554.43
0646,2023-05-28,CUST456,TRK003,Gasoline,Sacramento,413,7801,1.76,13729.76,DRV001,4.9,1729.0,12000.76
0647,2023-11-13,CUST456,TRK004,Diesel,Las Vegas,480,1918,1.12,2148.16,DRV005,7.6,2200.0,-51.84
0648,2023-12-27,CUST456,TRK002,Diesel,Las Vegas,288,1498,1.43,2142.14,DRV002,3.9,1254.0,888.14
0649,2023-01-01,CUST654,TRK002,Gasoline,Sacramento,353,3809,1.58,6018.22,DRV005,3.3,1389.0,4629.22
0650,2023-12-14,CUST321,TRK001,Gasoline,Los Angeles,347,5961,1.5,8941.5,DRV003,5.2,1561.0,7380.5
0651,2023-07-09,CUST123,TRK005,Gasoline,San Francisco,125,4779,1.75,8363.25,DRV001,7.5,1125.0,7238.25
0652,2023-07-10,CUST789,TRK004,Diesel,Las Vegas,237,3118,1.18,3679.24,DRV003,6.9,1401.0,2278.24
0653,2023-11-08,CUST654,TRK001,Gasoline,San Francisco,382,7391,1.78,13155.98,DRV003,8.0,1946.0,11209.98
0654,2023-04-27,CUST123,TRK005,Diesel,San Diego,437,1145,1.18,1351.1,DRV001,1.2,1431.0,-79.9
0655,2023-05-14,CUST654,TRK004,Gasoline,Los Angeles,295,8942,1.65,14754.3,DRV003,1.8,1065.0,13689.3
0656,2023-02-27,CUST654,TRK003,Diesel,San Diego,179,5565,1.19,6622.35,DRV004,5.3,1067.0,5555.35
0657,2023-02-13,CUST789,TRK004,Gasoline,San Diego,364,1192,1.62,1931.04,DRV004,6.7,1762.0,169.04
0658,2023-06-22,CUST321,TRK002,Diesel,San Diego,460,6187,1.37,8476.19,DRV004,3.0,1680.0,6796.19
0659,2023-06-09,CUST456,TRK002,Gasoline,Los Angeles,332,7637,1.48,11302.76,DRV005,2.7,1266.0,10036.76
0660,2023-06-22,CUST321,TRK003,Diesel,Los Angeles,128,9243,1.31,12108.33,DRV003,6.5,1034.0,11074.33
0661,2023-11-13,CUST789,TRK001,Diesel,Sacramento,121,3410,1.29,4398.9,DRV001,1.4,503.0,3895.9
0662,2023-10-30,CUST789,TRK005,Diesel,San Francisco,312,2820,1.13,3186.6,DRV001,3.6,1296.0,1890.6
0663,2023-05-29,CUST789,TRK004,Diesel,San Francisco,240,3964,1.43,5668.52,DRV005,4.5,1170.0,4498.52
0664,2023-03-21,CUST123,TRK002,Diesel,Sacramento,416,3521,1.23,4330.83,DRV001,4.9,1738.0,2592.83
0665,2023-08-01,CUST321,TRK001,Diesel,Sacramento,424,3568,1.33,4745.44,DRV004,6.1,1882.0,2863.44
0666,2023-07-22,CUST321,TRK003,Diesel,San Diego,479,6882,1.31,9015.42,DRV003,3.5,1787.0,7228.42
0667,2023-09-09,CUST654,TRK002,Gasoline,Sacramento,112,2867,1.61,4615.87,DRV001,5.3,866.0,3749.87
0668,2023-08-17,CUST654,TRK003,Gasoline,Las Vegas,429,8465,1.44,12189.6,DRV001,5.1,1797.0,10392.6
0669,2023-06-13,CUST654,TRK004,Gasoline,San Francisco,61,8602,1.57,13505.14,DRV002,4.8,663.0,12842.14
0670,2023-08-15,CUST789,TRK005,Gasoline,Sacramento,190,4199,1.58,6634.42,DRV002,5.5,1120.0,5514.42
0671,2023-05-27,CUST321,TRK002,Gasoline,Las Vegas,303,7103,1.69,12004.07,DRV002,2.8,1189.0,10815.07
0672,2023-01-20,CUST789,TRK002,Diesel,Las Vegas,92,1240,1.44,1785.6,DRV003,1.6,436.0,1349.6
0673,2023-02-16,CUST123,TRK004,Diesel,Las Vegas,66,4440,1.32,5860.8,DRV004,1.8,378.0,5482.8
0674,2023-08-21,CUST654,TRK001,Diesel,Las Vegas,112,5631,1.13,6363.03,DRV004,2.6,596.0,5767.03
0675,2023-11-01,CUST789,TRK005,Diesel,San Diego,302,9274,1.19,11036.06,DRV004,4.5,1356.0,9680.06
0676,2023-01-14,CUST789,TRK002,Diesel,Las Vegas,425,6077,1.17,7110.09,DRV003,6.9,1965.0,5145.09
0677,2023-05-23,CUST123,TRK005,Gasoline,San Diego,341,4768,1.45,6913.6,DRV003,5.9,1613.0,5300.6
0678,2023-01-01,CUST456,TRK002,Gasoline,San Diego,57,8995,1.55,13942.25,DRV002,6.5,821.0,13121.25
0679,2023-02-23,CUST321,TRK005,Gasoline,Las Vegas,374,9802,1.49,14604.98,DRV001,3.5,1472.0,13132.98
0680,2023-09-16,CUST456,TRK003,Gasoline,San Francisco,139,7429,1.49,11069.21,DRV005,3.8,797.0,10272.21
0681,2023-05-24,CUST654,TRK002,Diesel,Las Vegas,257,4605,1.12,5157.6,DRV005,3.8,1151.0,4006.6
0682,2023-01-12,CUST789,TRK005,Diesel,Las Vegas,341,3173,1.11,3522.03,DRV001,2.3,1253.0,2269.03
0683,2023-11-26,CUST123,TRK001,Diesel,Las Vegas,333,7568,1.14,8627.52,DRV002,1.4,1139.0,7488.52
0684,2023-08-12,CUST123,TRK003,Gasoline,San Francisco,167,3601,1.47,5293.47,DRV001,5.1,1011.0,4282.47
0685,2023-09-29,CUST321,TRK003,Diesel,Los Angeles,398,3657,1.27,4644.39,DRV001,7.9,1984.0,2660.39
0686,2023-12-24,CUST456,TRK001,Gasoline,Los Angeles,224,7080,1.6,11328.0,DRV005,2.2,892.0,10436.0
0687,2023-06-05,CUST321,TRK005,Diesel,San Diego,125,8325,1.16,9657.0,DRV002,1.3,505.0,9152.0
0688,2023-01-08,CUST789,TRK004,Diesel,San Diego,150,3159,1.27,4011.93,DRV003,6.5,1100.0,2911.93
0689,2023-05-02,CUST321,TRK001,Gasoline,San Francisco,463,4830,1.54,7438.2,DRV005,2.8,1669.0,5769.2
0690,2023-12-14,CUST123,TRK005,Diesel,Sacramento,200,9313,1.17,10896.21,DRV003,6.8,1280.0,9616.21
0691,2023-06-13,CUST123,TRK001,Diesel,Los Angeles,449,5368,1.1,5904.8,DRV002,5.9,1937.0,3967.8
0692,2023-03-31,CUST654,TRK001,Gasoline,San Diego,319,2317,1.59,3684.03,DRV001,7.6,1717.0,1967.03
0693,2023-05-16,CUST654,TRK002,Diesel,Los Angeles,120,5493,1.37,7525.41,DRV004,3.9,750.0,6775.41
0694,2023-07-05,CUST789,TRK005,Gasoline,San Francisco,229,2230,1.49,3322.7,DRV004,5.6,1247.0,2075.7
0695,2023-11-12,CUST456,TRK004,Diesel,San Francisco,173,2133,1.15,2452.95,DRV002,4.3,949.0,1503.95
0696,2023-06-27,CUST321,TRK002,Diesel,Sacramento,430,8607,1.45,12480.15,DRV004,5.4,1830.0,10650.15
0697,2023-01-28,CUST789,TRK001,Diesel,Sacramento,342,2301,1.21,2784.21,DRV003,4.1,1436.0,1348.21
0698,2023-08-08,CUST654,TRK001,Diesel,San Francisco,334,2910,1.19,3462.9,DRV004,2.3,1232.0,2230.9
0699,2023-12-23,CUST321,TRK001,Diesel,San Diego,244,9082,1.44,13078.08,DRV002,4.6,1192.0,11886.08
0700,2023-02-10,CUST654,TRK005,Diesel,Los Angeles,448,9107,1.43,13023.01,DRV002,4.7,1814.0,11209.01
0701,2023-08-16,CUST321,TRK005,Diesel,Las Vegas,277,8970,1.28,11481.6,DRV003,6.7,1501.0,9980.6
0702,2023-07-11,CUST456,TRK002,Diesel,Sacramento,480,2916,1.3,3790.8,DRV004,6.1,2050.0,1740.8
0703,2023-05-25,CUST789,TRK004,Gasoline,Las Vegas,479,7996,1.49,11914.04,DRV004,5.6,1997.0,9917.04
0704,2023-07-20,CUST321,TRK002,Gasoline,San Diego,485,3757,1.43,5372.51,DRV001,1.8,1635.0,3737.51
0705,2023-07-31,CUST123,TRK003,Diesel,Sacramento,324,7464,1.33,9927.12,DRV005,6.0,1572.0,8355.12
0706,2023-08-08,CUST123,TRK001,Diesel,Las Vegas,155,1178,1.14,1342.92,DRV002,4.5,915.0,427.92
0707,2023-08-28,CUST321,TRK001,Gasoline,San Diego,70,7362,1.58,11631.96,DRV001,7.3,940.0,10691.96
0708,2023-02-15,CUST321,TRK001,Diesel,Los Angeles,113,9683,1.48,14330.84,DRV002,7.4,1079.0,13251.84
0709,2023-02-04,CUST321,TRK002,Diesel,San Diego,214,1060,1.48,1568.8,DRV001,1.4,782.0,786.8
0710,2023-09-10,CUST123,TRK002,Gasoline,Sacramento,76,7681,1.5,11521.5,DRV005,6.7,898.0,10623.5
0711,2023-03-23,CUST123,TRK001,Diesel,San Francisco,360,3895,1.35,5258.25,DRV001,1.3,1210.0,4048.25
0712,2023-09-13,CUST321,TRK002,Diesel,Los Angeles,334,1585,1.29,2044.65,DRV002,3.6,1362.0,682.65
0713,2023-07-16,CUST654,TRK005,Gasoline,Las Vegas,197,6823,1.75,11940.25,DRV004,4.8,1071.0,10869.25
0714,2023-10-30,CUST654,TRK005,Diesel,Sacramento,330,1534,1.21,1856.14,DRV002,2.0,1190.0,666.14
0715,2023-01-10,CUST456,TRK002,Diesel,San Francisco,375,4462,1.1,4908.2,DRV003,6.2,1745.0,3163.2
0716,2023-11-08,CUST789,TRK001,Gasoline,San Diego,368,5011,1.47,7366.17,DRV003,1.1,1214.0,6152.17
0717,2023-10-13,CUST654,TRK002,Diesel,San Francisco,213,4398,1.24,5453.52,DRV003,2.2,859.0,4594.52
0718,2023-08-30,CUST123,TRK002,Gasoline,Sacramento,435,3155,1.53,4827.15,DRV003,5.1,1815.0,3012.15
0719,2023-09-08,CUST654,TRK002,Diesel,Sacramento,455,6966,1.42,9891.72,DRV005,6.0,1965.0,7926.72
0720,2023-12-31,CUST456,TRK003,Diesel,San Francisco,273,8329,1.37,11410.73,DRV004,7.4,1559.0,9851.73
0721,2023-01-05,CUST456,TRK005,Gasoline,San Diego,321,7957,1.52,12094.64,DRV004,5.9,1553.0,10541.64
0722,2023-04-29,CUST789,TRK004,Gasoline,San Francisco,195,6325,1.58,9993.5,DRV002,5.7,1155.0,8838.5
0723,2023-10-16,CUST654,TRK004,Diesel,Sacramento,487,9518,1.14,10850.52,DRV001,3.8,1841.0,9009.52
0724,2023-03-06,CUST123,TRK003,Gasoline,Sacramento,405,5703,1.76,10037.28,DRV002,1.0,1315.0,8722.28
0725,2023-05-26,CUST123,TRK002,Gasoline,Las Vegas,79,3706,1.77,6559.62,DRV002,1.8,417.0,6142.62
0726,2023-08-12,CUST321,TRK003,Diesel,Las Vegas,94,1001,1.49,1491.49,DRV002,4.7,752.0,739.49
0727,2023-08-27,CUST123,TRK003,Diesel,Los Angeles,324,9316,1.45,13508.2,DRV002,5.7,1542.0,11966.2
0728,2023-06-26,CUST789,TRK001,Diesel,Sacramento,83,2104,1.17,2461.68,DRV004,3.9,639.0,1822.68
0729,2023-09-24,CUST789,TRK005,Gasoline,Las Vegas,190,2861,1.42,4062.62,DRV001,6.1,1180.0,2882.62
0730,2023-12-07,CUST123,TRK004,Gasoline,San Francisco,476,6269,1.63,10218.47,DRV002,4.7,1898.0,8320.47
0731,2023-10-09,CUST123,TRK002,Gasoline,San Diego,367,7943,1.77,14059.11,DRV004,1.5,1251.0,12808.11
0732,2023-03-04,CUST321,TRK004,Gasoline,San Francisco,423,9320,1.47,13700.4,DRV002,2.3,1499.0,12201.4
0733,2023-08-05,CUST123,TRK004,Diesel,San Diego,270,1437,1.1,1580.7,DRV003,6.9,1500.0,80.7
0734,2023-12-08,CUST321,TRK005,Gasoline,Las Vegas,405,5846,1.72,10055.12,DRV002,6.1,1825.0,8230.12
0735,2023-11-11,CUST321,TRK004,Diesel,Los Angeles,71,4129,1.13,4665.77,DRV002,7.3,943.0,3722.77
0736,2023-10-10,CUST123,TRK004,Gasoline,San Francisco,229,9081,1.57,14257.17,DRV005,1.8,867.0,13390.17
0737,2023-06-26,CUST456,TRK003,Diesel,San Francisco,485,1901,1.37,2604.37,DRV003,7.9,2245.0,359.37
0738,2023-04-08,CUST456,TRK005,Diesel,San Francisco,416,6398,1.19,7613.62,DRV001,2.5,1498.0,6115.62
0739,2023-04-15,CUST321,TRK001,Diesel,San Diego,469,7678,1.13,8676.14,DRV002,1.1,1517.0,7159.14
0740,2023-04-09,CUST123,TRK002,Gasoline,Las Vegas,378,6529,1.71,11164.59,DRV001,8.0,1934.0,9230.59
0741,2023-11-07,CUST456,TRK004,Diesel,San Francisco,280,7604,1.35,10265.4,DRV003,3.0,1140.0,9125.4
0742,2023-01-06,CUST123,TRK002,Diesel,San Francisco,452,4918,1.5,7377.0,DRV002,5.7,1926.0,5451.0
0743,2023-07-16,CUST123,TRK001,Gasoline,Los Angeles,87,2067,1.54,3183.18,DRV005,2.2,481.0,2702.18
0744,2023-12-17,CUST123,TRK002,Diesel,Los Angeles,119,1026,1.12,1149.12,DRV004,5.1,867.0,282.12
0745,2023-05-13,CUST654,TRK001,Gasoline,Las Vegas,165,7937,1.69,13413.53,DRV005,7.3,1225.0,12188.53
0746,2023-12-24,CUST123,TRK003,Gasoline,Las Vegas,288,8264,1.61,13305.04,DRV005,3.2,1184.0,12121.04
0747,2023-09-16,CUST654,TRK004,Diesel,Sacramento,384,8118,1.19,9660.42,DRV004,5.7,1722.0,7938.42
0748,2023-01-23,CUST321,TRK001,Diesel,Los Angeles,490,1547,1.41,2181.27,DRV004,2.3,1700.0,481.27
0749,2023-02-22,CUST456,TRK002,Gasoline,Sacramento,197,9758,1.48,14441.84,DRV004,5.4,1131.0,13310.84
0750,2023-06-14,CUST456,TRK004,Diesel,San Diego,58,9895,1.2,11874.0,DRV002,3.4,514.0,11360.0
0751,2023-07-21,CUST456,TRK003,Gasoline,Sacramento,337,6338,1.44,9126.72,DRV001,2.5,1261.0,7865.72
0752,2023-03-24,CUST456,TRK004,Gasoline,San Francisco,437,4140,1.56,6458.4,DRV001,3.2,1631.0,4827.4
0753,2023-05-25,CUST456,TRK001,Gasoline,Sacramento,99,8996,1.57,14123.72,DRV004,2.3,527.0,13596.72
0754,2023-03-26,CUST456,TRK003,Diesel,Las Vegas,387,2590,1.31,3392.9,DRV005,7.3,1891.0,1501.9
0755,2023-03-19,CUST456,TRK002,Gasoline,San Diego,54,8776,1.68,14743.68,DRV003,3.8,542.0,14201.68
0756,2023-01-01,CUST321,TRK003,Diesel,San Francisco,453,5943,1.46,8676.78,DRV004,2.7,1629.0,7047.78
0757,2023-02-20,CUST123,TRK003,Diesel,Sacramento,392,9997,1.16,11596.52,DRV005,4.1,1586.0,10010.52
0758,2023-06-22,CUST789,TRK005,Diesel,San Diego,175,8798,1.12,9853.76,DRV005,3.2,845.0,9008.76
0759,2023-07-24,CUST654,TRK003,Diesel,San Diego,124,4791,1.11,5318.01,DRV002,6.2,992.0,4326.01
0760,2023-09-17,CUST789,TRK003,Gasoline,San Francisco,214,2357,1.46,3441.22,DRV002,7.8,1422.0,2019.22
0761,2023-10-15,CUST789,TRK004,Diesel,Sacramento,327,9092,1.36,12365.12,DRV001,4.1,1391.0,10974.12
0762,2023-02-03,CUST123,TRK002,Gasoline,San Diego,491,4225,1.69,7140.25,DRV001,7.0,2173.0,4967.25
0763,2023-12-14,CUST123,TRK004,Gasoline,San Diego,373,3460,1.71,5916.6,DRV003,5.0,1619.0,4297.6
0764,2023-04-05,CUST123,TRK004,Diesel,Los Angeles,349,9737,1.2,11684.4,DRV003,2.1,1257.0,10427.4
0765,2023-03-13,CUST456,TRK001,Gasoline,San Diego,339,3728,1.52,5666.56,DRV003,5.8,1597.0,4069.56
0766,2023-02-08,CUST321,TRK004,Gasoline,Los Angeles,126,7726,1.59,12284.34,DRV003,4.6,838.0,11446.34
0767,2023-06-03,CUST456,TRK005,Diesel,Sacramento,347,8481,1.13,9583.53,DRV005,5.6,1601.0,7982.53
0768,2023-09-07,CUST321,TRK005,Gasoline,Sacramento,186,7430,1.64,12185.2,DRV005,7.2,1278.0,10907.2
0769,2023-06-11,CUST321,TRK001,Gasoline,Sacramento,155,4114,1.79,7364.06,DRV001,4.1,875.0,6489.06
0770,2023-04-28,CUST789,TRK002,Gasoline,Las Vegas,144,1616,1.54,2488.64,DRV002,7.3,1162.0,1326.64
0771,2023-09-16,CUST789,TRK002,Gasoline,Sacramento,184,4644,1.7,7894.8,DRV002,6.3,1182.0,6712.8
0772,2023-11-02,CUST321,TRK004,Diesel,San Diego,117,7413,1.3,9636.9,DRV004,4.4,791.0,8845.9
0773,2023-09-25,CUST321,TRK004,Gasoline,San Francisco,196,2203,1.45,3194.35,DRV005,5.2,1108.0,2086.35
0774,2023-02-23,CUST456,TRK004,Gasoline,Los Angeles,208,3565,1.63,5810.95,DRV003,3.3,954.0,4856.95
0775,2023-08-24,CUST456,TRK002,Gasoline,Las Vegas,433,4174,1.52,6344.48,DRV003,7.9,2089.0,4255.48
0776,2023-08-10,CUST789,TRK003,Gasoline,Sacramento,212,4081,1.41,5754.21,DRV004,5.7,1206.0,4548.21
0777,2023-09-08,CUST123,TRK005,Diesel,Sacramento,490,3630,1.35,4900.5,DRV002,1.3,1600.0,3300.5
0778,2023-11-09,CUST321,TRK003,Gasoline,San Francisco,390,4161,1.74,7240.14,DRV003,3.3,1500.0,5740.14
0779,2023-04-22,CUST456,TRK003,Diesel,San Francisco,238,5321,1.24,6598.04,DRV002,5.4,1254.0,5344.04
0780,2023-09-12,CUST789,TRK002,Gasoline,Las Vegas,464,9861,1.56,15383.16,DRV004,1.4,1532.0,13851.16
0781,2023-10-30,CUST456,TRK003,Diesel,Los Angeles,388,7269,1.46,10612.74,DRV002,1.2,1284.0,9328.74
0782,2023-07-26,CUST321,TRK001,Diesel,Sacramento,144,8099,1.43,11581.57,DRV002,4.2,852.0,10729.57
0783,2023-08-17,CUST321,TRK004,Diesel,Las Vegas,230,8376,1.39,11642.64,DRV002,3.3,1020.0,10622.64
0784,2023-12-07,CUST654,TRK001,Diesel,San Diego,337,5078,1.2,6093.6,DRV003,4.1,1421.0,4672.6
0785,2023-03-07,CUST123,TRK005,Diesel,San Diego,371,6801,1.46,9929.46,DRV001,2.8,1393.0,8536.46
0786,2023-03-16,CUST654,TRK004,Gasoline,Las Vegas,236,5151,1.46,7520.46,DRV005,2.2,928.0,6592.46
0787,2023-04-13,CUST789,TRK003,Gasoline,Sacramento,421,9911,1.65,16353.15,DRV002,5.8,1843.0,14510.15
0788,2023-07-11,CUST456,TRK005,Gasoline,Las Vegas,187,3600,1.41,5076.0,DRV002,4.6,1021.0,4055.0
0789,2023-09-09,CUST789,TRK004,Diesel,Sacramento,179,7175,1.36,9758.0,DRV002,2.4,777.0,8981.0
0790,2023-08-14,CUST321,TRK003,Gasoline,San Francisco,243,1666,1.51,2515.66,DRV001,3.2,1049.0,1466.66
0791,2023-10-21,CUST654,TRK001,Diesel,Las Vegas,365,1283,1.28,1642.24,DRV004,5.1,1605.0,37.24
0792,2023-11-02,CUST654,TRK004,Diesel,Sacramento,322,6840,1.24,8481.6,DRV003,1.5,1116.0,7365.6
0793,2023-04-08,CUST654,TRK003,Gasoline,Las Vegas,401,4565,1.47,6710.55,DRV001,2.0,1403.0,5307.55
0794,2023-12-04,CUST789,TRK001,Gasoline,Las Vegas,193,5593,1.65,9228.45,DRV002,1.5,729.0,8499.45
0795,2023-10-13,CUST321,TRK005,Diesel,Sacramento,65,2465,1.45,3574.25,DRV001,6.7,865.0,2709.25
0796,2023-12-01,CUST456,TRK005,Diesel,Sacramento,351,9321,1.48,13795.08,DRV001,6.3,1683.0,12112.08
0797,2023-12-13,CUST456,TRK005,Gasoline,Los Angeles,472,5734,1.48,8486.32,DRV001,6.3,2046.0,6440.32
0798,2023-11-04,CUST789,TRK005,Gasoline,Las Vegas,294,7257,1.69,12264.33,DRV004,6.0,1482.0,10782.33
0799,2023-09-06,CUST654,TRK002,Gasoline,San Diego,464,8366,1.67,13971.22,DRV005,5.7,1962.0,12009.22
0800,2023-06-15,CUST123,TRK004,Gasoline,Las Vegas,156,4672,1.54,7194.88,DRV003,4.3,898.0,6296.88
0801,2023-12-01,CUST789,TRK004,Diesel,Las Vegas,137,8382,1.11,9304.02,DRV004,5.5,961.0,8343.02
0802,2023-01-30,CUST789,TRK002,Gasoline,Sacramento,178,7587,1.68,12746.16,DRV004,1.3,664.0,12082.16
0803,2023-09-04,CUST321,TRK003,Gasoline,Las Vegas,444,1992,1.78,3545.76,DRV005,5.4,1872.0,1673.76
0804,2023-04-16,CUST456,TRK003,Gasoline,Las Vegas,424,7858,1.65,12965.7,DRV004,6.4,1912.0,11053.7
0805,2023-02-20,CUST789,TRK005,Diesel,San Diego,390,3121,1.27,3963.67,DRV001,4.5,1620.0,2343.67
0806,2023-03-22,CUST789,TRK001,Diesel,Sacramento,53,3223,1.31,4222.13,DRV001,3.5,509.0,3713.13
0807,2023-05-13,CUST654,TRK003,Diesel,Las Vegas,376,5522,1.18,6515.96,DRV002,2.9,1418.0,5097.96
0808,2023-10-12,CUST654,TRK001,Diesel,San Francisco,459,4188,1.4,5863.2,DRV004,5.5,1927.0,3936.2
0809,2023-05-18,CUST123,TRK004,Gasoline,Los Angeles,416,4237,1.7,7202.9,DRV002,5.8,1828.0,5374.9
0810,2023-07-03,CUST321,TRK001,Diesel,San Diego,355,5136,1.16,5957.76,DRV003,7.1,1775.0,4182.76
0811,2023-11-26,CUST123,TRK004,Gasoline,Las Vegas,445,1343,1.75,2350.25,DRV001,3.4,1675.0,675.25
0812,2023-09-30,CUST654,TRK002,Gasoline,San Francisco,144,5704,1.51,8613.04,DRV003,6.4,1072.0,7541.04
0813,2023-12-06,CUST456,TRK002,Gasoline,Las Vegas,258,5823,1.79,10423.17,DRV005,4.9,1264.0,9159.17
0814,2023-03-10,CUST654,TRK005,Gasoline,Las Vegas,274,5920,1.55,9176.0,DRV001,7.2,1542.0,7634.0
0815,2023-02-03,CUST321,TRK003,Diesel,Sacramento,397,4201,1.17,4915.17,DRV003,4.7,1661.0,3254.17
0816,2023-09-19,CUST654,TRK005,Diesel,Sacramento,370,6471,1.24,8024.04,DRV005,4.6,1570.0,6454.04
0817,2023-02-22,CUST321,TRK004,Diesel,Sacramento,96,1888,1.28,2416.64,DRV003,5.0,788.0,1628.64
0818,2023-07-24,CUST321,TRK005,Gasoline,San Francisco,230,8127,1.43,11621.61,DRV005,6.2,1310.0,10311.61
0819,2023-05-06,CUST321,TRK001,Gasoline,Las Vegas,155,4720,1.63,7693.6,DRV005,7.8,1245.0,6448.6
0820,2023-08-23,CUST321,TRK004,Gasoline,Los Angeles,248,3883,1.64,6368.12,DRV001,1.5,894.0,5474.12
0821,2023-02-12,CUST321,TRK002,Gasoline,San Diego,435,5212,1.7,8860.4,DRV002,1.4,1445.0,7415.4
0822,2023-08-28,CUST456,TRK003,Gasoline,Sacramento,155,7961,1.41,11225.01,DRV005,7.6,1225.0,10000.01
0823,2023-04-21,CUST123,TRK004,Diesel,Sacramento,329,3415,1.32,4507.8,DRV005,4.7,1457.0,3050.8
0824,2023-09-06,CUST789,TRK004,Gasoline,Las Vegas,309,4001,1.42,5681.42,DRV001,5.3,1457.0,4224.42
0825,2023-05-31,CUST123,TRK001,Diesel,Las Vegas,157,2738,1.38,3778.44,DRV002,4.4,911.0,2867.44
0826,2023-07-02,CUST321,TRK003,Gasoline,San Francisco,68,2364,1.42,3356.88,DRV004,1.7,374.0,2982.88
0827,2023-12-02,CUST456,TRK002,Gasoline,San Francisco,459,3708,1.76,6526.08,DRV004,6.4,2017.0,4509.08
0828,2023-04-05,CUST654,TRK004,Diesel,Sacramento,345,1924,1.38,2655.12,DRV002,6.2,1655.0,1000.12
0829,2023-01-08,CUST456,TRK004,Diesel,Las Vegas,355,1151,1.3,1496.3,DRV003,3.2,1385.0,111.3
0830,2023-12-26,CUST321,TRK001,Gasoline,Los Angeles,220,9777,1.58,15447.66,DRV001,3.1,970.0,14477.66
0831,2023-07-03,CUST456,TRK005,Gasoline,San Diego,380,9044,1.45,13113.8,DRV002,6.9,1830.0,11283.8
0832,2023-10-08,CUST456,TRK002,Gasoline,Las Vegas,244,1912,1.52,2906.24,DRV004,1.5,882.0,2024.24
0833,2023-07-14,CUST321,TRK003,Gasoline,Las Vegas,61,3321,1.75,5811.75,DRV005,7.2,903.0,4908.75
0834,2023-12-18,CUST456,TRK004,Diesel,San Francisco,244,1495,1.46,2182.7,DRV004,2.8,1012.0,1170.7
0835,2023-07-14,CUST789,TRK004,Gasoline,San Diego,332,3148,1.4,4407.2,DRV005,5.2,1516.0,2891.2
0836,2023-06-04,CUST789,TRK002,Diesel,Sacramento,418,1556,1.34,2085.04,DRV001,7.6,2014.0,71.04
0837,2023-04-03,CUST456,TRK005,Gasoline,Las Vegas,231,2552,1.69,4312.88,DRV005,5.7,1263.0,3049.88
0838,2023-06-09,CUST654,TRK004,Diesel,Sacramento,499,3120,1.35,4212.0,DRV002,3.9,1887.0,2325.0
0839,2023-03-02,CUST321,TRK002,Diesel,Las Vegas,354,4085,1.13,4616.05,DRV005,5.8,1642.0,2974.05
0840,2023-05-02,CUST789,TRK001,Gasoline,Sacramento,193,4504,1.49,6710.96,DRV003,3.4,919.0,5791.96
0841,2023-02-20,CUST654,TRK005,Diesel,San Diego,435,1156,1.2,1387.2,DRV002,2.9,1595.0,-207.8
0842,2023-10-04,CUST456,TRK003,Gasoline,San Francisco,365,9926,1.73,17171.98,DRV001,8.0,1895.0,15276.98
0843,2023-01-05,CUST654,TRK004,Diesel,San Diego,231,8505,1.29,10971.45,DRV002,6.3,1323.0,9648.45
0844,2023-04-02,CUST123,TRK002,Gasoline,Los Angeles,79,8162,1.59,12977.58,DRV003,5.5,787.0,12190.58
0845,2023-06-19,CUST789,TRK001,Diesel,San Francisco,133,6523,1.47,9588.81,DRV001,3.5,749.0,8839.81
0846,2023-11-13,CUST456,TRK003,Gasoline,San Diego,215,8543,1.65,14095.95,DRV004,1.3,775.0,13320.95
0847,2023-01-22,CUST321,TRK002,Gasoline,Los Angeles,333,9055,1.76,15936.8,DRV003,1.2,1119.0,14817.8
0848,2023-11-22,CUST456,TRK002,Diesel,Las Vegas,330,5654,1.28,7237.12,DRV001,4.9,1480.0,5757.12
0849,2023-01-01,CUST321,TRK003,Diesel,Las Vegas,145,7250,1.16,8410.0,DRV005,6.3,1065.0,7345.0
0850,2023-05-13,CUST456,TRK001,Diesel,Sacramento,430,8246,1.47,12121.62,DRV002,4.8,1770.0,10351.62
0851,2023-08-21,CUST654,TRK001,Diesel,San Francisco,315,1154,1.28,1477.12,DRV001,6.9,1635.0,-157.88
0852,2023-01-12,CUST654,TRK005,Gasoline,Las Vegas,493,8950,1.47,13156.5,DRV002,1.2,1599.0,11557.5
0853,2023-12-12,CUST654,TRK004,Diesel,San Francisco,347,1996,1.22,2435.12,DRV005,3.6,1401.0,1034.12
0854,2023-02-15,CUST123,TRK003,Gasoline,Las Vegas,345,5626,1.42,7988.92,DRV001,2.7,1305.0,6683.92
0855,2023-02-03,CUST321,TRK003,Diesel,Sacramento,274,3905,1.29,5037.45,DRV004,4.1,1232.0,3805.45
0856,2023-03-19,CUST654,TRK003,Gasoline,San Diego,382,1153,1.74,2006.22,DRV003,1.5,1296.0,710.22
0857,2023-08-06,CUST123,TRK001,Gasoline,Sacramento,410,8853,1.77,15669.81,DRV001,7.7,2000.0,13669.81
0858,2023-10-28,CUST321,TRK004,Gasoline,Los Angeles,423,7481,1.77,13241.37,DRV005,2.6,1529.0,11712.37
0859,2023-03-14,CUST456,TRK005,Gasoline,Las Vegas,91,6599,1.45,9568.55,DRV001,7.5,1023.0,8545.55
0860,2023-10-09,CUST123,TRK002,Diesel,Los Angeles,352,2716,1.25,3395.0,DRV002,4.0,1456.0,1939.0
0861,2023-09-06,CUST789,TRK002,Diesel,Los Angeles,470,1786,1.11,1982.46,DRV001,7.9,2200.0,-217.54
0862,2023-02-16,CUST123,TRK003,Gasoline,San Francisco,295,5368,1.74,9340.32,DRV004,4.9,1375.0,7965.32
0863,2023-05-01,CUST123,TRK004,Diesel,Las Vegas,257,9096,1.24,11279.04,DRV001,7.5,1521.0,9758.04
0864,2023-08-02,CUST321,TRK001,Diesel,Los Angeles,286,5272,1.35,7117.2,DRV003,1.0,958.0,6159.2
0865,2023-08-27,CUST456,TRK004,Gasoline,San Diego,71,4767,1.69,8056.23,DRV001,6.2,833.0,7223.23
0866,2023-02-25,CUST789,TRK004,Diesel,Los Angeles,234,9834,1.27,12489.18,DRV002,7.3,1432.0,11057.18
0867,2023-12-16,CUST654,TRK001,Diesel,San Diego,291,6994,1.22,8532.68,DRV001,2.0,1073.0,7459.68
0868,2023-04-17,CUST654,TRK003,Diesel,San Francisco,412,8216,1.48,12159.68,DRV004,1.7,1406.0,10753.68
0869,2023-11-15,CUST123,TRK004,Gasoline,Los Angeles,332,9857,1.79,17644.03,DRV005,4.0,1396.0,16248.03
0870,2023-02-17,CUST321,TRK002,Diesel,Sacramento,90,4426,1.22,5399.72,DRV001,7.5,1020.0,4379.72
0871,2023-03-02,CUST321,TRK001,Gasoline,San Francisco,385,4783,1.59,7604.97,DRV001,4.8,1635.0,5969.97
0872,2023-12-03,CUST654,TRK005,Diesel,San Diego,211,6427,1.49,9576.23,DRV003,4.7,1103.0,8473.23
0873,2023-01-26,CUST789,TRK003,Diesel,San Francisco,209,8011,1.1,8812.1,DRV004,2.0,827.0,7985.1
0874,2023-10-19,CUST456,TRK001,Diesel,Los Angeles,138,9052,1.27,11496.04,DRV005,1.0,514.0,10982.04
0875,2023-09-14,CUST789,TRK005,Gasoline,Las Vegas,371,4701,1.44,6769.44,DRV002,6.7,1783.0,4986.44
0876,2023-01-08,CUST456,TRK005,Gasoline,Las Vegas,61,3349,1.6,5358.4,DRV001,1.6,343.0,5015.4
0877,2023-04-23,CUST654,TRK004,Diesel,San Diego,473,8011,1.11,8892.21,DRV005,5.4,1959.0,6933.21
0878,2023-12-21,CUST456,TRK004,Gasoline,San Diego,122,8055,1.56,12565.8,DRV002,7.4,1106.0,11459.8
0879,2023-09-10,CUST321,TRK004,Diesel,Las Vegas,125,2212,1.19,2632.28,DRV004,2.5,625.0,2007.28
0880,2023-06-29,CUST123,TRK001,Gasoline,San Diego,395,7965,1.61,12823.65,DRV004,5.7,1755.0,11068.65
0881,2023-07-26,CUST123,TRK001,Gasoline,San Francisco,250,7704,1.8,13867.2,DRV005,1.6,910.0,12957.2
0882,2023-10-30,CUST654,TRK003,Diesel,Sacramento,59,8433,1.42,11974.86,DRV002,5.2,697.0,11277.86
0883,2023-05-07,CUST321,TRK004,Diesel,Sacramento,401,3511,1.44,5055.84,DRV004,2.1,1413.0,3642.84
0884,2023-02-25,CUST789,TRK005,Diesel,San Francisco,275,1143,1.35,1543.05,DRV005,6.2,1445.0,98.05
0885,2023-08-02,CUST321,TRK002,Diesel,Sacramento,225,8367,1.12,9371.04,DRV004,3.1,985.0,8386.04
0886,2023-01-14,CUST123,TRK003,Gasoline,Los Angeles,325,4228,1.48,6257.44,DRV004,4.2,1395.0,4862.44
0887,2023-01-28,CUST123,TRK001,Gasoline,San Francisco,88,5582,1.77,9880.14,DRV004,5.2,784.0,9096.14
0888,2023-03-19,CUST321,TRK003,Gasoline,San Diego,109,7031,1.55,10898.05,DRV003,2.2,547.0,10351.05
0889,2023-08-04,CUST321,TRK003,Diesel,San Francisco,115,5243,1.14,5977.02,DRV002,6.2,965.0,5012.02
0890,2023-12-31,CUST123,TRK003,Diesel,Las Vegas,370,3713,1.38,5123.94,DRV005,3.1,1420.0,3703.94
0891,2023-06-03,CUST789,TRK003,Gasoline,San Diego,484,5185,1.52,7881.2,DRV005,5.6,2012.0,5869.2
0892,2023-01-14,CUST654,TRK002,Diesel,Las Vegas,173,8328,1.21,10076.88,DRV002,2.1,729.0,9347.88
0893,2023-07-06,CUST654,TRK004,Gasoline,San Diego,213,5633,1.8,10139.4,DRV002,5.8,1219.0,8920.4
0894,2023-11-08,CUST321,TRK005,Gasoline,Sacramento,457,4192,1.74,7294.08,DRV002,1.9,1561.0,5733.08
0895,2023-01-07,CUST654,TRK003,Gasoline,San Francisco,460,1300,1.56,2028.0,DRV002,4.0,1780.0,248.0
0896,2023-01-03,CUST123,TRK003,Gasoline,Los Angeles,435,1723,1.79,3084.17,DRV001,2.7,1575.0,1509.17
0897,2023-04-21,CUST123,TRK003,Gasoline,San Diego,208,6694,1.66,11112.04,DRV005,6.2,1244.0,9868.04
0898,2023-08-26,CUST321,TRK004,Diesel,San Diego,106,4010,1.4,5614.0,DRV001,2.8,598.0,5016.0
0899,2023-12-29,CUST321,TRK001,Diesel,Las Vegas,127,6555,1.11,7276.05,DRV004,7.2,1101.0,6175.05
0900,2023-08-27,CUST321,TRK001,Diesel,Sacramento,243,1067,1.15,1227.05,DRV004,7.2,1449.0,-221.95
0901,2023-10-01,CUST789,TRK002,Gasoline,Las Vegas,334,3506,1.65,5784.9,DRV005,2.4,1242.0,4542.9
0902,2023-10-21,CUST654,TRK001,Gasoline,Las Vegas,64,2537,1.76,4465.12,DRV004,5.3,722.0,3743.12
0903,2023-08-15,CUST321,TRK003,Gasoline,Sacramento,61,1397,1.65,2305.05,DRV002,1.6,343.0,1962.05
0904,2023-01-15,CUST456,TRK003,Gasoline,Los Angeles,150,6680,1.45,9686.0,DRV001,3.7,820.0,8866.0
0905,2023-07-11,CUST456,TRK003,Diesel,Las Vegas,205,5825,1.15,6698.75,DRV002,6.0,1215.0,5483.75
0906,2023-04-29,CUST123,TRK002,Diesel,Las Vegas,389,9747,1.44,14035.68,DRV004,5.6,1727.0,12308.68
0907,2023-01-28,CUST654,TRK003,Gasoline,San Diego,174,7048,1.46,10290.08,DRV001,5.4,1062.0,9228.08
0908,2023-07-21,CUST321,TRK001,Gasoline,Sacramento,408,4661,1.61,7504.21,DRV002,3.0,1524.0,5980.21
0909,2023-02-08,CUST456,TRK004,Gasoline,San Francisco,329,3941,1.41,5556.81,DRV005,3.6,1347.0,4209.81
0910,2023-09-30,CUST654,TRK004,Diesel,Los Angeles,454,8067,1.13,9115.71,DRV002,1.7,1532.0,7583.71
0911,2023-08-19,CUST123,TRK005,Diesel,Los Angeles,443,6091,1.37,8344.67,DRV004,6.0,1929.0,6415.67
0912,2023-03-27,CUST789,TRK001,Diesel,Sacramento,159,2601,1.38,3589.38,DRV001,4.5,927.0,2662.38
0913,2023-05-06,CUST654,TRK003,Gasoline,San Diego,383,2480,1.54,3819.2,DRV005,6.0,1749.0,2070.2
0914,2023-10-27,CUST654,TRK004,Gasoline,San Diego,406,7230,1.49,10772.7,DRV001,2.7,1488.0,9284.7
0915,2023-01-25,CUST789,TRK001,Diesel,Sacramento,195,4276,1.43,6114.68,DRV005,3.3,915.0,5199.68
0916,2023-05-25,CUST654,TRK004,Gasoline,San Diego,265,7447,1.49,11096.03,DRV001,3.3,1125.0,9971.03
0917,2023-01-13,CUST123,TRK003,Diesel,Los Angeles,447,6499,1.32,8578.68,DRV004,1.2,1461.0,7117.68
0918,2023-07-31,CUST123,TRK004,Gasoline,Los Angeles,211,7273,1.79,13018.67,DRV005,3.4,973.0,12045.67
0919,2023-01-25,CUST789,TRK005,Diesel,San Francisco,177,2299,1.16,2666.84,DRV003,6.6,1191.0,1475.84
0920,2023-03-09,CUST321,TRK005,Gasoline,Sacramento,363,6818,1.78,12136.04,DRV001,7.3,1819.0,10317.04
0921,2023-03-08,CUST456,TRK004,Diesel,Las Vegas,381,7701,1.17,9010.17,DRV001,4.6,1603.0,7407.17
0922,2023-08-21,CUST321,TRK001,Diesel,Las Vegas,199,5994,1.33,7972.02,DRV002,4.2,1017.0,6955.02
0923,2023-04-19,CUST654,TRK001,Diesel,San Francisco,85,8489,1.25,10611.25,DRV005,1.2,375.0,10236.25
0924,2023-05-26,CUST456,TRK001,Diesel,San Francisco,222,9269,1.49,13810.81,DRV003,7.2,1386.0,12424.81
0925,2023-04-21,CUST789,TRK004,Diesel,San Diego,469,3831,1.21,4635.51,DRV004,1.1,1517.0,3118.51
0926,2023-08-16,CUST789,TRK001,Diesel,San Francisco,71,3721,1.26,4688.46,DRV002,7.6,973.0,3715.46
0927,2023-04-21,CUST456,TRK003,Gasoline,San Francisco,255,2532,1.79,4532.28,DRV003,4.4,1205.0,3327.28
0928,2023-02-03,CUST123,TRK005,Gasoline,Las Vegas,176,9429,1.61,15180.69,DRV005,3.4,868.0,14312.69
0929,2023-04-21,CUST456,TRK003,Gasoline,San Diego,385,6253,1.6,10004.8,DRV003,7.5,1905.0,8099.8
0930,2023-09-21,CUST654,TRK001,Diesel,San Francisco,494,2996,1.2,3595.2,DRV001,1.2,1602.0,1993.2
0931,2023-08-24,CUST123,TRK003,Diesel,San Francisco,405,6311,1.38,8709.18,DRV001,5.1,1725.0,6984.18
0932,2023-03-24,CUST789,TRK001,Gasoline,San Diego,489,1277,1.41,1800.57,DRV002,4.8,1947.0,-146.43
0933,2023-02-11,CUST456,TRK004,Diesel,Sacramento,266,4089,1.12,4579.68,DRV005,2.5,1048.0,3531.68
0934,2023-04-11,CUST321,TRK003,Diesel,San Diego,145,1523,1.34,2040.82,DRV005,4.0,835.0,1205.82
0935,2023-01-06,CUST321,TRK004,Diesel,Las Vegas,466,5275,1.24,6541.0,DRV003,5.6,1958.0,4583.0
0936,2023-06-29,CUST654,TRK004,Diesel,Sacramento,478,6365,1.48,9420.2,DRV002,6.1,2044.0,7376.2
0937,2023-10-09,CUST321,TRK002,Diesel,Los Angeles,213,4122,1.46,6018.12,DRV005,1.0,739.0,5279.12
0938,2023-11-16,CUST456,TRK001,Gasoline,San Diego,197,9167,1.69,15492.23,DRV001,7.6,1351.0,14141.23
0939,2023-08-14,CUST456,TRK005,Gasoline,Las Vegas,67,6190,1.73,10708.7,DRV003,2.2,421.0,10287.7
0940,2023-11-11,CUST321,TRK001,Gasoline,Sacramento,343,5575,1.67,9310.25,DRV004,2.6,1289.0,8021.25
0941,2023-12-31,CUST456,TRK005,Gasoline,San Diego,244,8727,1.45,12654.15,DRV001,2.8,1012.0,11642.15
0942,2023-08-17,CUST654,TRK001,Gasoline,San Francisco,200,2797,1.71,4782.87,DRV002,1.3,730.0,4052.87
0943,2023-10-16,CUST123,TRK004,Diesel,San Diego,414,3131,1.18,3694.58,DRV005,1.9,1432.0,2262.58
0944,2023-05-30,CUST654,TRK003,Diesel,Los Angeles,172,8322,1.23,10236.06,DRV001,7.9,1306.0,8930.06
0945,2023-10-04,CUST654,TRK003,Diesel,San Diego,449,7500,1.43,10725.0,DRV004,3.2,1667.0,9058.0
0946,2023-07-17,CUST456,TRK002,Diesel,Sacramento,236,1815,1.31,2377.65,DRV004,1.8,888.0,1489.65
0947,2023-03-11,CUST123,TRK005,Gasoline,Sacramento,198,9634,1.74,16763.16,DRV002,1.7,764.0,15999.16
0948,2023-04-22,CUST456,TRK005,Gasoline,San Diego,153,7666,1.49,11422.34,DRV001,6.0,1059.0,10363.34
0949,2023-01-04,CUST789,TRK005,Gasoline,Sacramento,292,1142,1.64,1872.88,DRV003,7.0,1576.0,296.88
0950,2023-12-16,CUST456,TRK004,Diesel,San Francisco,280,2410,1.13,2723.3,DRV001,2.8,1120.0,1603.3
0951,2023-11-27,CUST456,TRK005,Gasoline,San Diego,255,1534,1.66,2546.44,DRV004,1.1,875.0,1671.44
0952,2023-11-14,CUST456,TRK003,Diesel,San Francisco,247,4364,1.41,6153.24,DRV002,2.6,1001.0,5152.24
0953,2023-12-16,CUST123,TRK004,Gasoline,San Francisco,445,2032,1.63,3312.16,DRV002,1.4,1475.0,1837.16
0954,2023-04-05,CUST456,TRK001,Gasoline,Las Vegas,449,4342,1.51,6556.42,DRV003,1.7,1517.0,5039.42
0955,2023-06-01,CUST123,TRK005,Diesel,San Diego,386,7085,1.11,7864.35,DRV002,4.0,1558.0,6306.35
0956,2023-11-07,CUST321,TRK005,Diesel,Sacramento,136,5500,1.15,6325.0,DRV002,2.6,668.0,5657.0
0957,2023-05-17,CUST789,TRK001,Gasoline,San Francisco,191,2172,1.65,3583.8,DRV002,4.6,1033.0,2550.8
0958,2023-09-04,CUST123,TRK005,Gasoline,Las Vegas,366,5517,1.77,9765.09,DRV002,2.8,1378.0,8387.09
0959,2023-08-31,CUST321,TRK001,Diesel,San Diego,248,9007,1.18,10628.26,DRV002,7.6,1504.0,9124.26
0960,2023-01-31,CUST123,TRK004,Gasoline,San Diego,95,2641,1.69,4463.29,DRV004,7.3,1015.0,3448.29
0961,2023-02-09,CUST123,TRK003,Gasoline,Los Angeles,337,1471,1.75,2574.25,DRV001,5.0,1511.0,1063.25
0962,2023-08-17,CUST789,TRK001,Diesel,Los Angeles,64,3940,1.31,5161.4,DRV005,3.5,542.0,4619.4
0963,2023-02-05,CUST654,TRK002,Gasoline,San Francisco,93,9738,1.67,16262.46,DRV002,3.7,649.0,15613.46
0964,2023-08-11,CUST654,TRK001,Diesel,Los Angeles,450,5726,1.43,8188.18,DRV005,3.9,1740.0,6448.18
0965,2023-01-06,CUST123,TRK005,Gasoline,San Francisco,218,8670,1.5,13005.0,DRV005,6.1,1264.0,11741.0
0966,2023-11-18,CUST456,TRK004,Diesel,Sacramento,359,4723,1.22,5762.06,DRV004,4.2,1497.0,4265.06
0967,2023-08-08,CUST321,TRK004,Gasoline,San Francisco,93,1363,1.4,1908.2,DRV002,7.0,979.0,929.2
0968,2023-03-16,CUST456,TRK001,Diesel,Los Angeles,147,4309,1.49,6420.41,DRV005,7.6,1201.0,5219.41
0969,2023-01-04,CUST456,TRK003,Gasoline,Sacramento,310,1545,1.77,2734.65,DRV002,3.4,1270.0,1464.65
0970,2023-12-01,CUST123,TRK002,Diesel,Los Angeles,158,4240,1.41,5978.4,DRV003,4.9,964.0,5014.4
0971,2023-05-14,CUST123,TRK004,Gasoline,San Francisco,332,7665,1.43,10960.95,DRV003,1.7,1166.0,9794.95
0972,2023-04-28,CUST123,TRK005,Gasoline,Las Vegas,421,2936,1.58,4638.88,DRV003,2.4,1503.0,3135.88
0973,2023-04-04,CUST123,TRK005,Gasoline,San Diego,392,1882,1.44,2710.08,DRV005,3.9,1566.0,1144.08
0974,2023-03-03,CUST654,TRK003,Gasoline,Los Angeles,153,4840,1.41,6824.4,DRV003,2.4,699.0,6125.4
0975,2023-07-13,CUST123,TRK004,Gasoline,San Francisco,305,7923,1.65,13072.95,DRV004,7.1,1625.0,11447.95
0976,2023-12-01,CUST654,TRK001,Gasoline,Sacramento,428,5611,1.78,9987.58,DRV004,2.1,1494.0,8493.58
0977,2023-07-22,CUST654,TRK005,Gasoline,Los Angeles,255,6204,1.76,10919.04,DRV005,4.2,1185.0,9734.04
0978,2023-01-26,CUST123,TRK003,Gasoline,Los Angeles,384,8288,1.68,13923.84,DRV002,5.2,1672.0,12251.84
0979,2023-06-22,CUST789,TRK004,Gasoline,San Diego,92,4203,1.44,6052.32,DRV001,5.8,856.0,5196.32
0980,2023-10-27,CUST321,TRK004,Diesel,San Francisco,402,3244,1.21,3925.24,DRV002,3.7,1576.0,2349.24
0981,2023-05-13,CUST456,TRK004,Diesel,Las Vegas,294,1018,1.23,1252.14,DRV002,7.1,1592.0,-339.86
0982,2023-11-22,CUST654,TRK004,Gasoline,Sacramento,336,1641,1.71,2806.11,DRV002,5.0,1508.0,1298.11
0983,2023-04-28,CUST321,TRK004,Diesel,San Francisco,404,4083,1.42,5797.86,DRV002,4.1,1622.0,4175.86
0984,2023-11-20,CUST789,TRK005,Gasoline,Sacramento,322,6200,1.55,9610.0,DRV001,1.5,1116.0,8494.0
0985,2023-10-02,CUST456,TRK003,Gasoline,Los Angeles,132,9521,1.57,14947.97,DRV003,4.3,826.0,14121.97
0986,2023-07-31,CUST456,TRK004,Diesel,San Diego,159,1865,1.12,2088.8,DRV002,6.7,1147.0,941.8
0987,2023-08-13,CUST654,TRK002,Gasoline,San Diego,487,1773,1.52,2694.96,DRV004,5.3,1991.0,703.96
0988,2023-01-20,CUST123,TRK002,Gasoline,Las Vegas,239,5732,1.58,9056.56,DRV005,6.8,1397.0,7659.56
0989,2023-04-23,CUST789,TRK003,Diesel,San Diego,337,4518,1.15,5195.7,DRV005,4.5,1461.0,3734.7
0990,2023-05-20,CUST654,TRK001,Diesel,Los Angeles,473,7795,1.28,9977.6,DRV004,1.8,1599.0,8378.6
0991,2023-02-16,CUST789,TRK001,Gasoline,Las Vegas,446,7984,1.74,13892.16,DRV002,1.1,1448.0,12444.16
0992,2023-01-01,CUST123,TRK001,Diesel,San Francisco,300,3567,1.33,4744.11,DRV001,3.1,1210.0,3534.11
0993,2023-03-31,CUST123,TRK002,Diesel,San Diego,261,2674,1.13,3021.62,DRV003,5.9,1373.0,1648.62
0994,2023-05-22,CUST654,TRK001,Gasoline,Las Vegas,340,1739,1.48,2573.72,DRV005,6.5,1670.0,903.72
0995,2023-11-16,CUST123,TRK005,Diesel,Los Angeles,182,2545,1.29,3283.05,DRV003,3.1,856.0,2427.05
0996,2023-02-07,CUST321,TRK004,Diesel,Sacramento,250,6127,1.24,7597.48,DRV001,4.5,1200.0,6397.48
0997,2023-10-20,CUST456,TRK002,Gasoline,Sacramento,334,7947,1.54,12238.38,DRV005,3.9,1392.0,10846.38
0998,2023-05-19,CUST654,TRK003,Diesel,Los Angeles,375,7620,1.31,9982.2,DRV003,3.9,1515.0,8467.2
0999,2023-12-22,CUST789,TRK003,Diesel,Los Angeles,458,5555,1.33,7388.15,DRV001,2.6,1634.0,5754.15
1000,2023-11-29,CUST321,TRK004,Gasoline,Sacramento,144,6645,1.72,11429.4,DRV003,2.0,632.0,10797.4
